-- phpMyAdmin SQL Dump
-- version 5.0.4
-- https://www.phpmyadmin.net/
--
-- 主機： localhost:3306
-- 產生時間： 2022-03-01 14:55:45
-- 伺服器版本： 5.7.24
-- PHP 版本： 7.4.16

SET SQL_MODE = "NO_AUTO_VALUE_ON_ZERO";
START TRANSACTION;
SET time_zone = "+00:00";


/*!40101 SET @OLD_CHARACTER_SET_CLIENT=@@CHARACTER_SET_CLIENT */;
/*!40101 SET @OLD_CHARACTER_SET_RESULTS=@@CHARACTER_SET_RESULTS */;
/*!40101 SET @OLD_COLLATION_CONNECTION=@@COLLATION_CONNECTION */;
/*!40101 SET NAMES utf8mb4 */;

--
-- 資料庫： `sweetbakery`
--

-- --------------------------------------------------------

--
-- 資料表結構 `cartlist`
--

CREATE TABLE `cartlist` (
  `memberId` varchar(50) NOT NULL,
  `productId` int(5) NOT NULL,
  `productNum` int(2) NOT NULL
) ENGINE=InnoDB DEFAULT CHARSET=utf8;

--
-- 傾印資料表的資料 `cartlist`
--

INSERT INTO `cartlist` (`memberId`, `productId`, `productNum`) VALUES
('dede', 10001, 2),
('handsomeHuei', 10001, 1),
('hhhhfffcrcrc', 10001, 3),
('hhhhfffcrcrc', 20001, 1);

-- --------------------------------------------------------

--
-- 資料表結構 `classimg`
--

CREATE TABLE `classimg` (
  `classImgId` int(5) NOT NULL,
  `classId` int(3) NOT NULL,
  `imgPath` varchar(256) NOT NULL
) ENGINE=InnoDB DEFAULT CHARSET=utf8;

--
-- 傾印資料表的資料 `classimg`
--

INSERT INTO `classimg` (`classImgId`, `classId`, `imgPath`) VALUES
(1, 1, 'https://firebasestorage.googleapis.com/v0/b/sweetbakeryimg.appspot.com/o/bear%201-1.jpg?alt=media&token=f58c1fae-1765-4e57-8e20-cf68fa18924c'),
(2, 1, 'https://firebasestorage.googleapis.com/v0/b/sweetbakeryimg.appspot.com/o/bear%201-2.jpg?alt=media&token=9c7e18f0-1127-45cb-b106-ff1745b95a3b'),
(3, 1, 'https://firebasestorage.googleapis.com/v0/b/sweetbakeryimg.appspot.com/o/bear%201-3.jpg?alt=media&token=513ea7c0-de1d-4252-a5b9-d789e437c619');

-- --------------------------------------------------------

--
-- 資料表結構 `classlist`
--

CREATE TABLE `classlist` (
  `classId` int(3) NOT NULL,
  `classTitle` varchar(20) NOT NULL,
  `classInfo` varchar(1000) NOT NULL,
  `classPrice` int(4) NOT NULL,
  `classDuration` float NOT NULL
) ENGINE=InnoDB DEFAULT CHARSET=utf8;

--
-- 傾印資料表的資料 `classlist`
--

INSERT INTO `classlist` (`classId`, `classTitle`, `classInfo`, `classPrice`, `classDuration`) VALUES
(1, '熊熊蛋糕', '巧克力杯子蛋糕 (Chocolate Cupcake)，是派對聚會、戶外野餐、下午茶點心的好選擇。\r\n法國綠色山丘諾曼第無鹽發酵奶油跟法芙娜巧克力粉，做出香濃可口的巧克力杯子蛋糕，甜而不膩的質地，好吃到真的會上癮。', 360, 2.5),
(2, '草莓蛋糕', '草莓蛋糕，是派對聚會、戶外野餐、下午茶點心的好選擇。\r\n法國綠色山丘諾曼第無鹽發酵奶油跟法芙娜巧克力粉，做出香濃可口的巧克力杯子蛋糕，甜而不膩的質地，好吃到真的會上癮。', 450, 2);

-- --------------------------------------------------------

--
-- 資料表結構 `classreservation`
--

CREATE TABLE `classreservation` (
  `reservationId` int(10) NOT NULL,
  `memberId` varchar(50) NOT NULL,
  `classTimeId` int(8) NOT NULL,
  `guestNum` int(2) NOT NULL,
  `guestName` varchar(10) NOT NULL,
  `guestPhone` char(10) NOT NULL
) ENGINE=InnoDB DEFAULT CHARSET=utf8;

-- --------------------------------------------------------

--
-- 資料表結構 `classtime`
--

CREATE TABLE `classtime` (
  `classTimeId` int(8) NOT NULL,
  `classId` int(3) NOT NULL,
  `startDate` date NOT NULL,
  `startTime` time NOT NULL,
  `totalPeople` int(2) NOT NULL,
  `remain` int(2) NOT NULL
) ENGINE=InnoDB DEFAULT CHARSET=utf8;

--
-- 傾印資料表的資料 `classtime`
--

INSERT INTO `classtime` (`classTimeId`, `classId`, `startDate`, `startTime`, `totalPeople`, `remain`) VALUES
(1, 1, '2022-02-02', '10:00:00', 15, 10),
(2, 2, '2022-02-02', '13:30:00', 15, 10),
(3, 1, '2022-02-15', '15:00:00', 10, 10),
(4, 1, '2022-02-28', '10:00:00', 15, 0),
(5, 1, '2022-03-01', '10:00:00', 12, 10),
(6, 1, '2022-03-20', '10:00:00', 12, 0),
(7, 1, '2022-03-18', '10:30:00', 20, 2);

-- --------------------------------------------------------

--
-- 資料表結構 `member`
--

CREATE TABLE `member` (
  `memberId` varchar(50) NOT NULL,
  `email` varchar(100) NOT NULL,
  `userPassword` varchar(100) NOT NULL,
  `userName` varchar(10) NOT NULL,
  `userPhone` char(10) NOT NULL,
  `userBirthday` date NOT NULL,
  `fb` varchar(50) NOT NULL,
  `google` varchar(50) NOT NULL
) ENGINE=InnoDB DEFAULT CHARSET=utf8;

--
-- 傾印資料表的資料 `member`
--

INSERT INTO `member` (`memberId`, `email`, `userPassword`, `userName`, `userPhone`, `userBirthday`, `fb`, `google`) VALUES
('dede', 'cosmo4956@gmail.com', '123456', '李慧婷', '', '1999-02-17', '', ''),
('handsomeHuei', 'aozxswzaq0118@gmail.com', '123456', '韋禮安', '0972205139', '1997-01-18', '', ''),
('hhhhfffcrcrc', 'hhl5778@gmail.com', '123456', '袁于晴', '0954254754', '1999-02-17', '', '');

-- --------------------------------------------------------

--
-- 資料表結構 `orderdetail`
--

CREATE TABLE `orderdetail` (
  `orderId` varchar(12) NOT NULL,
  `productId` int(5) NOT NULL,
  `productNum` int(3) NOT NULL,
  `productPrice` int(4) NOT NULL
) ENGINE=InnoDB DEFAULT CHARSET=utf8;

--
-- 傾印資料表的資料 `orderdetail`
--

INSERT INTO `orderdetail` (`orderId`, `productId`, `productNum`, `productPrice`) VALUES
('202201010001', 10001, 1, 250),
('202201010002', 10002, 2, 350),
('202201020001', 20001, 2, 150),
('202201030001', 10001, 1, 250),
('202201030002', 10002, 2, 350),
('202201030002', 20001, 2, 150),
('202201040001', 10001, 1, 250),
('202201040001', 20001, 3, 150),
('202201040002', 10002, 2, 350),
('202201040002', 10001, 2, 250),
('202201040003', 10001, 3, 250),
('202201050001', 20001, 3, 150),
('202201050001', 10002, 4, 350),
('202201050002', 20001, 5, 150),
('202201050003', 10001, 2, 250),
('202201050004', 20001, 4, 150),
('202201050005', 10001, 1, 250),
('202201050005', 10002, 3, 350),
('202201060001', 10002, 1, 350),
('202201060001', 20001, 1, 150),
('202201070001', 10001, 2, 250),
('202201070001', 10002, 2, 350),
('202201070001', 20001, 2, 150),
('202201070002', 10001, 3, 250),
('202201080001', 10002, 2, 350),
('202201080001', 10001, 1, 250),
('202201090001', 20001, 4, 150),
('202201090001', 10001, 2, 250),
('202201090002', 10002, 1, 350),
('202201100001', 10001, 1, 250),
('202201100001', 10002, 2, 350),
('202201110001', 20001, 2, 150),
('202201120001', 10001, 1, 250),
('202201120001', 10002, 2, 350),
('202201120002', 20001, 2, 150),
('202201130001', 10001, 1, 250),
('202201130001', 20001, 3, 150),
('202201140001', 10002, 2, 350),
('202201140002', 10001, 2, 250),
('202201140002', 20001, 3, 150),
('202201140003', 10002, 4, 350),
('202201140004', 20001, 5, 150),
('202201150001', 10001, 2, 250),
('202201150001', 20001, 4, 150),
('202201150002', 10002, 3, 350),
('202201160001', 10002, 1, 350),
('202201160002', 20001, 1, 150),
('202201160003', 10001, 2, 250),
('202201170001', 10002, 2, 350),
('202201170001', 20001, 2, 150),
('202201180001', 10001, 3, 250),
('202201180001', 10002, 2, 350),
('202201180002', 20001, 4, 150),
('202201190001', 10001, 2, 250),
('202201190001', 10002, 1, 350),
('202201200001', 10001, 1, 250),
('202201210001', 10002, 2, 350),
('202201210001', 20001, 2, 150),
('202201210002', 10001, 1, 250),
('202201220001', 10002, 2, 350),
('202201220002', 10002, 1, 350),
('202201220003', 20001, 2, 150),
('202201230001', 10001, 1, 250),
('202201230001', 20001, 3, 150),
('202201240001', 10002, 2, 350), 
('202201250001', 10001, 3, 250),
('202201250001', 20001, 3, 150),
('202201250002', 10002, 4, 350),
('202201260001', 20001, 5, 150),
('202201260002', 10001, 2, 250),
('202201260003', 20001, 4, 150),
('202201270001', 10001, 1, 250),
('202201270001', 10002, 3, 350),
('202201280001', 10002, 1, 350),
('202201280001', 20001, 1, 150),
('202201280001', 10001, 2, 250),
('202201280002', 10002, 2, 350),
('202201290001', 20001, 2, 150),
('202201290002', 10001, 1, 250),
('202201300001', 20001, 4, 150),
('202201310001', 10001, 2, 250),
('202201310001', 10002, 2, 250),
('202202130001', 10001, 3, 250),
('202202130001', 10002, 2, 350),
('202202130002', 10001, 1, 250),
('202202130002', 20001, 4, 150),
('202202130003', 10001, 2, 250),
('202202130003', 10002, 1, 350),
('202202180001', 10001, 1, 250),
('202202180001', 10002, 2, 350),
('202202180001', 20001, 2, 150),
('202202180002', 10001, 1, 250),
('202202180002', 10002, 2, 350),
('202202180003', 10002, 1, 350),
('202202180003', 20001, 2, 150),
('202202190001', 10001, 1, 250),
('202202190001', 20001, 3, 150),
('202202200001', 10002, 2, 350),
('202202200002', 10001, 2, 250),
('202202230001', 10001, 3, 250),
('202202230001', 20001, 3, 150),
('202202230002', 10002, 4, 350),
('202202230002', 20001, 5, 150),
('202202230003', 10001, 2, 250),
('202202230003', 20001, 4, 150),
('202202240001', 10001, 1, 250),
('202202240001', 10002, 3, 350),
('202202240002', 10002, 1, 350),
('202202240002', 20001, 1, 150),
('202202250001', 10001, 2, 250),
('202202250001', 10002, 2, 350),
('202202250001', 20001, 2, 150),
('202202260001', 10001, 3, 250),
('202202260001', 10002, 2, 350),
('202202260002', 10001, 1, 250),
('202202270001', 20001, 4, 150),
('202202270001', 10001, 2, 250),
('202202280001', 10002, 1, 350),
('202203010001', 10001, 1, 250),
('202203010002', 10002, 2, 350),
('202203020001', 20001, 2, 150),
('202203030001', 10001, 1, 250),
('202203030002', 10002, 2, 350),
('202203030002', 20001, 2, 150),
('202203040001', 10001, 1, 250),
('202203040001', 20001, 3, 150),
('202203040002', 10002, 2, 350),
('202203040002', 10001, 2, 250),
('202203040003', 10001, 3, 250),
('202203050001', 20001, 3, 150),
('202203050001', 10002, 4, 350),
('202203050002', 20001, 5, 150),
('202203050003', 10001, 2, 250),
('202203050004', 20001, 4, 150),
('202203050005', 10001, 1, 250),
('202203050005', 10002, 3, 350),
('202203060001', 10002, 1, 350),
('202203060001', 20001, 1, 150),
('202203070001', 10001, 2, 250),
('202203070001', 10002, 2, 350),
('202203070001', 20001, 2, 150),
('202203070002', 10001, 3, 250),
('202203080001', 10002, 2, 350),
('202203080001', 10001, 1, 250),
('202203090001', 20001, 4, 150),
('202203090001', 10001, 2, 250),
('202203090002', 10002, 1, 350),
('202203100001', 10001, 1, 250),
('202203100001', 10002, 2, 350),
('202203110001', 20001, 2, 150),
('202203120001', 10001, 1, 250),
('202203120001', 10002, 2, 350),
('202203120002', 20001, 2, 150),
('202203130001', 10001, 1, 250),
('202203130001', 20001, 3, 150),
('202203140001', 10002, 2, 350),
('202203140002', 10001, 2, 250),
('202203140002', 20001, 3, 150),
('202203140003', 10002, 4, 350),
('202203140004', 20001, 5, 150),
('202203150001', 10001, 2, 250),
('202203150001', 20001, 4, 150),
('202203150002', 10002, 3, 350),
('202203160001', 10002, 1, 350),
('202203160002', 20001, 1, 150),
('202203160003', 10001, 2, 250),
('202203170001', 10002, 2, 350),
('202203170001', 20001, 2, 150),
('202203180001', 10001, 3, 250),
('202203180001', 10002, 2, 350),
('202203180002', 20001, 4, 150),
('202203190001', 10001, 2, 250),
('202203190001', 10002, 1, 350),
('202203200001', 10001, 1, 250),
('202203210001', 10002, 2, 350),
('202203210001', 20001, 2, 150),
('202203210002', 10001, 1, 250),
('202203220001', 10002, 2, 350),
('202203220002', 10002, 1, 350),
('202203220003', 20001, 2, 150),
('202203230001', 10001, 1, 250),
('202203230001', 20001, 3, 150),
('202203240001', 10002, 2, 350), 
('202203250001', 10001, 3, 250),
('202203250001', 20001, 3, 150),
('202203250002', 10002, 4, 350),
('202203260001', 20001, 5, 150),
('202203260002', 10001, 2, 250),
('202203260003', 20001, 4, 150),
('202203270001', 10001, 1, 250),
('202203270001', 10002, 3, 350),
('202203280001', 10002, 1, 350),
('202203280001', 20001, 1, 150),
('202203280001', 10001, 2, 250),
('202203280002', 10002, 2, 350),
('202203290001', 20001, 2, 150),
('202203290002', 10001, 1, 250),
('202203300001', 20001, 4, 150),
('202203310001', 10001, 2, 250);

-- --------------------------------------------------------

--
-- 資料表結構 `orderlist`
--

CREATE TABLE `orderlist` (
  `orderId` varchar(12) NOT NULL,
  `memberId` varchar(50) NOT NULL,
  `orderDate` date NOT NULL,
  `paymementStatus` varchar(4) NOT NULL,
  `pickupDate` date NOT NULL,
  `orderStatus` varchar(4) NOT NULL,
  `buyerPhone` char(10) NOT NULL,
  `buyerName` varchar(10) NOT NULL
) ENGINE=InnoDB DEFAULT CHARSET=utf8;

--
-- 傾印資料表的資料 `orderlist`
--

INSERT INTO `orderlist` (`orderId`, `memberId`, `orderDate`, `paymementStatus`, `pickupDate`, `orderStatus`, `buyerPhone`, `buyerName`) VALUES
('202201010001', 'dede', '2022-01-01', '未付款', '2022-01-05', '確認訂單', '0985889551', '李白'),
('202201010002', 'hhhhfffcrcrc', '2022-01-01', '未付款', '2022-01-05', '確認訂單', '0911859648', '王浩浩'),
('202201020001', 'hhhhfffcrcrc', '2022-01-02', '未付款', '2022-01-05', '確認訂單', '0912846950', '林國毅'),
('202201030001', 'hhhhfffcrcrc', '2022-01-03', '未付款', '2022-01-05', '確認訂單', '0984885231', '杜甫'),
('202201030002', 'hhhhfffcrcrc', '2022-01-03', '未付款', '2022-01-05', '確認訂單', '0988952110', '施琅'),
('202201030003', 'dede', '2022-01-03', '未付款', '2022-01-05', '未確認', '0985768165', '劉大偉'),
('202201030004', 'hhhhfffcrcrc', '2022-01-03', '未付款', '2022-01-05', '未確認', '0985889568', '吳小廢'),
('202201040001', 'dede', '2022-01-04', '未付款', '2022-01-05', '未確認', '0984827651', '林玲玲'),
('202201040002', 'hhhhfffcrcrc', '2022-01-04', '未付款', '2022-01-06', '未確認', '0988888888', '蕭哈哈'),
('202201040003', 'dede', '2022-01-04', '未付款', '2022-01-07', '未確認', '0922586945', '楊瑞芳'),
('202201040004', 'hhhhfffcrcrc', '2022-01-04', '未付款', '2022-01-07', '未確認', '0912345678', '賀崎頭'),
('202201040005', 'hhhhfffcrcrc', '2022-01-04', '已付款', '2022-01-07', '確認訂單', '0944652789', '陳惠貞'),
('202201050001', 'dede', '2022-01-05', '已付款', '2022-01-10', '確認訂單', '0922485458', '陳俊榮'),
('202201050002', 'dede', '2022-01-05', '已付款', '2022-01-10', '確認訂單', '0911111111', '歐志信'),
('202201050003', 'dede', '2022-01-05', '已付款', '2022-01-10', '確認訂單', '0922584888', '蔡文龍'),
('202201050004', 'hhhhfffcrcrc', '2022-01-05', '已付款', '2022-01-10', '確認訂單', '098588111', '許郁雯'),
('202201050005', 'hhhhfffcrcrc', '2022-01-05', '已付款', '2022-01-10', '確認訂單', '0984827222', '張雅芳'),
('202201050006', 'dede', '2022-01-05', '未付款', '2022-01-10', '確認訂單', '0955849682', '黃小白'),
('202201050007', 'dede', '2022-01-05', '未付款', '2022-01-10', '確認訂單', '0985889551', '李白'),
('202201060001', 'hhhhfffcrcrc', '2022-01-06', '未付款', '2022-01-11', '確認訂單', '0911859648', '王浩浩'),
('202201060002', 'hhhhfffcrcrc', '2022-01-06', '未付款', '2022-01-11', '確認訂單', '0912846950', '林國毅'),
('202201070001', 'hhhhfffcrcrc', '2022-01-07', '未付款', '2022-01-12', '確認訂單', '0984885231', '杜甫'),
('202201070002', 'hhhhfffcrcrc', '2022-01-07', '未付款', '2022-01-12', '確認訂單', '0988952110', '施琅'),
('202201070003', 'dede', '2022-01-07', '未付款', '2022-01-12', '未確認', '0985768165', '劉大偉'),
('202201070004', 'hhhhfffcrcrc', '2022-01-07', '未付款', '2022-01-12', '未確認', '0985889568', '吳小廢'),
('202201080001', 'dede', '2022-01-08', '未付款', '2022-01-13', '未確認', '0984827651', '林玲玲'),
('202201080002', 'hhhhfffcrcrc', '2022-01-08', '未付款', '2022-01-13', '未確認', '0988888888', '蕭哈哈'),
('202201090001', 'dede', '2022-01-09', '未付款', '2022-01-14', '未確認', '0922586945', '楊瑞芳'),
('202201090002', 'hhhhfffcrcrc', '2022-01-09', '未付款', '2022-01-14', '未確認', '0912345678', '賀崎頭'),
('202201090003', 'hhhhfffcrcrc', '2022-01-09', '已付款', '2022-01-14', '確認訂單', '0944652789', '陳惠貞'),
('202201100001', 'dede', '2022-01-10', '已付款', '2022-01-15', '確認訂單', '0922485458', '陳俊榮'),
('202201100002', 'dede', '2022-01-10', '已付款', '2022-01-15', '確認訂單', '0911111111', '歐志信'),
('202201110001', 'dede', '2022-01-11', '已付款', '2022-01-15', '確認訂單', '0922584888', '蔡文龍'),
('202201120001', 'hhhhfffcrcrc', '2022-01-12', '已付款', '2022-01-16', '確認訂單', '098588111', '許郁雯'),
('202201120002', 'hhhhfffcrcrc', '2022-01-12', '已付款', '2022-01-16', '確認訂單', '0984827222', '張雅芳'),
('202201120003', 'dede', '2022-01-12', '未付款', '2022-01-16', '確認訂單', '0955849682', '黃小白'),
('202201120004', 'dede', '2022-01-12', '未付款', '2022-01-16', '確認訂單', '0985889551', '李白'),
('202201130001', 'hhhhfffcrcrc', '2022-0-13', '已付款', '2022-01-17', '確認訂單', '0911859648', '王浩浩'),
('202201130002', 'hhhhfffcrcrc', '2022-01-13', '已付款', '2022-01-17', '確認訂單', '0912846950', '林國毅'),
('202201140001', 'hhhhfffcrcrc', '2022-01-14', '未付款', '2022-01-18', '未確認', '0984885231', '杜甫'),
('202201140002', 'hhhhfffcrcrc', '2022-01-14', '未付款', '2022-01-18', '未確認', '0988952110', '施琅'),
('202201140003', 'dede', '2022-01-14', '未付款', '2022-01-18', '未確認', '0985768165', '劉大偉'),
('202201140004', 'hhhhfffcrcrc', '2022-01-14', '未付款', '2022-01-18', '未確認', '0985889568', '吳小廢'),
('202201140005', 'dede', '2022-01-14', '未付款', '2022-01-18', '未確認', '0984827651', '林玲玲'),
('202201140006', 'hhhhfffcrcrc', '2022-01-14', '未付款', '2022-01-20', '未確認', '0988888888', '蕭哈哈'),
('202201150001', 'dede', '2022-01-15', '未付款', '2022-01-20', '未確認', '0922586945', '楊瑞芳'),
('202201150002', 'hhhhfffcrcrc', '2022-01-15', '未付款', '2022-01-23', '未確認', '0912345678', '賀頭'),
('202201150003', 'hhhhfffcrcrc', '2022-01-15', '已付款', '2022-01-23', '確認訂單', '0912545678', '劉偉'),
('202201150004', 'hhhhfffcrcrc', '2022-01-15', '已付款', '2022-01-23', '確認訂單', '0912645678', '崎頭'),
('202201160001', 'hhhhfffcrcrc', '2022-01-15', '已付款', '2022-01-23', '確認訂單', '0912745678', '雅芳'),
('202201160002', 'hhhhfffcrcrc', '2022-01-15', '已付款', '2022-01-23', '確認訂單', '0912845678', '志信'),
('202201160003', 'hhhhfffcrcrc', '2022-01-15', '未付款', '2022-01-23', '確認訂單', '0912395678', '林國毅'),
('202201170001', 'hhhhfffcrcrc', '2022-01-15', '未付款', '2022-01-23', '確認訂單', '0912345678', '黃小白'),
('202201170002', 'hhhhfffcrcrc', '2022-01-15', '已付款', '2022-01-23', '未確認', '0912345478', '施琅'),
('202201180001', 'hhhhfffcrcrc', '2022-01-15', '未付款', '2022-01-23', '未確認', '0912345678', '歐志'),
('202201180002', 'hhhhfffcrcrc', '2022-01-15', '未付款', '2022-01-23', '確認訂單', '0912345678', '楊瑞'),
('202201180003', 'hhhhfffcrcrc', '2022-01-15', '未付款', '2022-01-23', '未確認', '0912342278', '張芳'),
('202201180004', 'hhhhfffcrcrc', '2022-01-15', '已付款', '2022-01-23', '未確認', '0912345678', '國毅'),
('202201190001', 'hhhhfffcrcrc', '2022-01-15', '已付款', '2022-01-23', '未確認', '0912342278', '施琅'),
('202201190002', 'hhhhfffcrcrc', '2022-01-15', '已付款', '2022-01-23', '未確認', '0912345678', '張雅芳'),
('202201200001', 'hhhhfffcrcrc', '2022-01-20', '已付款', '2022-01-23', '確認訂單', '0912665678', '瑞芳'),
('202201210001', 'hhhhfffcrcrc', '2022-01-21', '已付款', '2022-01-30', '確認訂單', '0912345678', '打我頭'),
('202201210002', 'hhhhfffcrcrc', '2022-01-21', '已付款', '2022-01-30', '確認訂單', '0912349978', '施琅'),
('202201210003', 'hhhhfffcrcrc', '2022-01-21', '已付款', '2022-01-30', '確認訂單', '0912345678', '張雅'),
('202201220001', 'hhhhfffcrcrc', '2022-01-22', '已付款', '2022-01-30', '確認訂單', '0912345678', '劉大'),
('202201220002', 'hhhhfffcrcrc', '2022-01-22', '已付款', '2022-01-30', '確認訂單', '0912345678', '楊瑞芳'),
('202201220003', 'hhhhfffcrcrc', '2022-01-22', '已付款', '2022-01-30', '未確認', '0912345678', '黃小'),
('202201230001', 'hhhhfffcrcrc', '2022-01-23', '已付款', '2022-01-30', '未確認', '0912345678', '林毅'),
('202201230002', 'hhhhfffcrcrc', '2022-01-23', '已付款', '2022-01-30', '確認訂單', '0912345678', '蔡文'),
('202201240001', 'hhhhfffcrcrc', '2022-01-24', '已付款', '2022-01-30', '確認訂單', '0912345678', '哈哈'),
('202201250001', 'hhhhfffcrcrc', '2022-01-25', '已付款', '2022-01-30', '確認訂單', '0912345678', '賀你頭'),
('202201250002', 'hhhhfffcrcrc', '2022-01-25', '已付款', '2022-01-30', '未確認', '0912345678', '大偉'),
('202201250003', 'hhhhfffcrcrc', '2022-01-25', '已付款', '2022-01-30', '確認訂單', '0912345678', '蕭'),
('202201250004', 'hhhhfffcrcrc', '2022-01-25', '已付款', '2022-01-30', '未確認', '0912345678', '黃崎頭'),
('202201260001', 'hhhhfffcrcrc', '2022-01-26', '已付款', '2022-01-30', '未確認', '0912345678', '小白'),
('202201260002', 'hhhhfffcrcrc', '2022-01-26', '已付款', '2022-01-30', '未確認', '0912345678', '黃白'),
('202201260003', 'hhhhfffcrcrc', '2022-01-26', '未付款', '2022-01-03', '確認訂單', '0912345678', '文龍'),
('202201270001', 'hhhhfffcrcrc', '2022-01-27', '未付款', '2022-01-03', '未確認', '0912345678', '施琅'),
('202201270002', 'hhhhfffcrcrc', '2022-01-27', '未付款', '2022-01-03', '未確認', '0912345678', '歐信'),
('202201280001', 'hhhhfffcrcrc', '2022-01-28', '未付款', '2022-01-03', '未確認', '0912345678', '蔡龍'),
('202201280002', 'hhhhfffcrcrc', '2022-01-28', '未付款', '2022-01-03', '確認訂單', '0912345678', '楊芳'),
('202201280003', 'hhhhfffcrcrc', '2022-01-28', '已付款', '2022-01-03', '確認訂單', '0912345678', '張雅芳'),
('202201280004', 'hhhhfffcrcrc', '2022-01-28', '未付款', '2022-01-03', '未確認', '0912345678', '賀崎規'),
('202201290001', 'hhhhfffcrcrc', '2022-01-29', '已付款', '2022-01-03', '未確認', '0912345678', '大偉'),
('202201290002', 'hhhhfffcrcrc', '2022-01-29', '已付款', '2022-01-03', '未確認', '0912345678', '蕭哈'),
('202201300001', 'hhhhfffcrcrc', '2022-01-30', '已付款', '2022-01-03', '未確認', '0912345678', '賀崎林'),
('202201310001', 'hhhhfffcrcrc', '2022-01-31', '已付款', '2022-01-03', '確認訂單', '0912345678', '張雅芳'),
('202202130001', 'hhhhfffcrcrc', '2022-02-13', '已付款', '2022-02-20', '確認訂單', '0944652789', '陳惠貞'),
('202202130002', 'dede', '2022-02-13', '已付款', '2022-02-21', '確認訂單', '0922485458', '陳俊榮'),
('202202130003', 'dede', '2022-02-13', '已付款', '2022-02-20', '確認訂單', '0911111111', '歐志信'),
('202202130004', 'dede', '2022-02-13', '已付款', '2022-02-22', '確認訂單', '0922584888', '蔡文龍'),
('202202140001', 'hhhhfffcrcrc', '2022-02-14', '已付款', '2022-02-22', '確認訂單', '098588111', '許郁雯'),
('202202140002', 'hhhhfffcrcrc', '2022-02-14', '已付款', '2022-02-23', '確認訂單', '0984827222', '張雅芳'),
('202202180001', 'dede', '2022-02-18', '未付款', '2022-02-25', '確認訂單', '0955849682', '黃小白'),
('202202180002', 'dede', '2022-02-18', '未付款', '2022-02-26', '確認訂單', '0985889551', '李白'),
('202202180003', 'hhhhfffcrcrc', '2022-02-18', '未付款', '2022-02-24', '確認訂單', '0911859648', '王浩浩'),
('202202190001', 'hhhhfffcrcrc', '2022-02-19', '未付款', '2022-02-28', '確認訂單', '0912846950', '林國毅'),
('202202200001', 'hhhhfffcrcrc', '2022-02-20', '未付款', '2022-02-27', '確認訂單', '0984885231', '杜甫'),
('202202200002', 'hhhhfffcrcrc', '2022-02-20', '未付款', '2022-03-01', '確認訂單', '0988952110', '施琅'),
('202202230001', 'dede', '2022-02-23', '未付款', '2022-03-03', '未確認', '0985768165', '劉大偉'),
('202202230002', 'hhhhfffcrcrc', '2022-02-23', '未付款', '2022-03-01', '未確認', '0985889568', '吳小廢'),
('202202230003', 'dede', '2022-02-23', '未付款', '2022-03-05', '未確認', '0984827651', '林玲玲'),
('202202240001', 'hhhhfffcrcrc', '2022-02-24', '未付款', '2022-03-06', '未確認', '0988888888', '蕭哈哈'),
('202202240002', 'dede', '2022-02-24', '未付款', '2022-03-07', '未確認', '0922586945', '楊瑞芳'),
('202202250001', 'hhhhfffcrcrc', '2022-02-25', '未付款', '2022-03-07', '未確認', '0912345678', '賀崎頭'),
('202202250002', 'hhhhfffcrcrc', '2022-02-25', '已付款', '2022-03-01', '確認訂單', '0944652789', '陳惠貞'),
('202202260001', 'dede', '2022-02-26', '已付款', '2022-02-30', '確認訂單', '0922485458', '陳俊榮'),
('202202260002', 'dede', '2022-02-26', '已付款', '2022-02-30', '確認訂單', '0911111111', '歐志信'),
('202202260003', 'dede', '2022-02-26', '已付款', '2022-02-30', '確認訂單', '0922584888', '蔡文龍'),
('202202270001', 'hhhhfffcrcrc', '2022-02-27', '已付款', '2022-02-30', '確認訂單', '098588111', '許郁雯'),
('202202270002', 'hhhhfffcrcrc', '2022-02-27', '已付款', '2022-02-30', '確認訂單', '0984827222', '張雅芳'),
('202202280001', 'dede', '2022-02-28', '未付款', '2022-03-03', '確認訂單', '0955849682', '黃小白'),
('202203010001', 'dede', '2022-03-01', '未付款', '2022-03-05', '確認訂單', '0985889551', '李白'),
('202203010002', 'hhhhfffcrcrc', '2022-03-01', '未付款', '2022-03-05', '確認訂單', '0911859648', '王浩浩'),
('202203020001', 'hhhhfffcrcrc', '2022-03-02', '未付款', '2022-03-05', '確認訂單', '0912846950', '林國毅'),
('202203030001', 'hhhhfffcrcrc', '2022-03-03', '未付款', '2022-03-05', '確認訂單', '0984885231', '杜甫'),
('202203030002', 'hhhhfffcrcrc', '2022-03-03', '未付款', '2022-03-05', '確認訂單', '0988952110', '施琅'),
('202203030003', 'dede', '2022-03-03', '未付款', '2022-03-05', '未確認', '0985768165', '劉大偉'),
('202203030004', 'hhhhfffcrcrc', '2022-03-03', '未付款', '2022-03-05', '未確認', '0985889568', '吳小廢'),
('202203040001', 'dede', '2022-03-04', '未付款', '2022-03-05', '未確認', '0984827651', '林玲玲'),
('202203040002', 'hhhhfffcrcrc', '2022-03-04', '未付款', '2022-03-06', '未確認', '0988888888', '蕭哈哈'),
('202203040003', 'dede', '2022-03-04', '未付款', '2022-03-07', '未確認', '0922586945', '楊瑞芳'),
('202203040004', 'hhhhfffcrcrc', '2022-03-04', '未付款', '2022-03-07', '未確認', '0912345678', '賀崎頭'),
('202203040005', 'hhhhfffcrcrc', '2022-03-04', '已付款', '2022-02-20', '確認訂單', '0944652789', '陳惠貞'),
('202203050001', 'dede', '2022-03-05', '已付款', '2022-03-10', '確認訂單', '0922485458', '陳俊榮'),
('202203050002', 'dede', '2022-03-05', '已付款', '2022-03-10', '確認訂單', '0911111111', '歐志信'),
('202203050003', 'dede', '2022-03-05', '已付款', '2022-03-10', '確認訂單', '0922584888', '蔡文龍'),
('202203050004', 'hhhhfffcrcrc', '2022-03-05', '已付款', '2022-03-10', '確認訂單', '098588111', '許郁雯'),
('202203050005', 'hhhhfffcrcrc', '2022-03-05', '已付款', '2022-03-10', '確認訂單', '0984827222', '張雅芳'),
('202203050006', 'dede', '2022-03-05', '未付款', '2022-03-10', '確認訂單', '0955849682', '黃小白'),
('202203050007', 'dede', '2022-03-05', '未付款', '2022-03-10', '確認訂單', '0985889551', '李白'),
('202203060001', 'hhhhfffcrcrc', '2022-03-06', '未付款', '2022-03-11', '確認訂單', '0911859648', '王浩浩'),
('202203060002', 'hhhhfffcrcrc', '2022-03-06', '未付款', '2022-03-11', '確認訂單', '0912846950', '林國毅'),
('202203070001', 'hhhhfffcrcrc', '2022-03-07', '未付款', '2022-03-12', '確認訂單', '0984885231', '杜甫'),
('202203070002', 'hhhhfffcrcrc', '2022-03-07', '未付款', '2022-03-12', '確認訂單', '0988952110', '施琅'),
('202203070003', 'dede', '2022-03-07', '未付款', '2022-03-12', '未確認', '0985768165', '劉大偉'),
('202203070004', 'hhhhfffcrcrc', '2022-03-07', '未付款', '2022-03-12', '未確認', '0985889568', '吳小廢'),
('202203080001', 'dede', '2022-03-08', '未付款', '2022-03-13', '未確認', '0984827651', '林玲玲'),
('202203080002', 'hhhhfffcrcrc', '2022-03-08', '未付款', '2022-03-13', '未確認', '0988888888', '蕭哈哈'),
('202203090001', 'dede', '2022-03-09', '未付款', '2022-03-14', '未確認', '0922586945', '楊瑞芳'),
('202203090002', 'hhhhfffcrcrc', '2022-03-09', '未付款', '2022-03-14', '未確認', '0912345678', '賀崎頭'),
('202203090003', 'hhhhfffcrcrc', '2022-03-09', '已付款', '2022-03-14', '確認訂單', '0944652789', '陳惠貞'),
('202203100001', 'dede', '2022-03-10', '已付款', '2022-03-15', '確認訂單', '0922485458', '陳俊榮'),
('202203100002', 'dede', '2022-03-10', '已付款', '2022-03-15', '確認訂單', '0911111111', '歐志信'),
('202203110001', 'dede', '2022-03-11', '已付款', '2022-03-15', '確認訂單', '0922584888', '蔡文龍'),
('202203120001', 'hhhhfffcrcrc', '2022-03-12', '已付款', '2022-03-16', '確認訂單', '098588111', '許郁雯'),
('202203120002', 'hhhhfffcrcrc', '2022-03-12', '已付款', '2022-03-16', '確認訂單', '0984827222', '張雅芳'),
('202203120003', 'dede', '2022-03-12', '未付款', '2022-03-16', '確認訂單', '0955849682', '黃小白'),
('202203120004', 'dede', '2022-03-12', '未付款', '2022-03-16', '確認訂單', '0985889551', '李白'),
('202203130001', 'hhhhfffcrcrc', '2022-03-13', '已付款', '2022-03-17', '確認訂單', '0911859648', '王浩浩'),
('202203130002', 'hhhhfffcrcrc', '2022-03-13', '已付款', '2022-03-17', '確認訂單', '0912846950', '林國毅'),
('202203140001', 'hhhhfffcrcrc', '2022-03-14', '未付款', '2022-03-18', '未確認', '0984885231', '杜甫'),
('202203140002', 'hhhhfffcrcrc', '2022-03-14', '未付款', '2022-03-18', '未確認', '0988952110', '施琅'),
('202203140003', 'dede', '2022-03-14', '未付款', '2022-03-18', '未確認', '0985768165', '劉大偉'),
('202203140004', 'hhhhfffcrcrc', '2022-03-14', '未付款', '2022-03-18', '未確認', '0985889568', '吳小廢'),
('202203140005', 'dede', '2022-03-14', '未付款', '2022-03-18', '未確認', '0984827651', '林玲玲'),
('202203140006', 'hhhhfffcrcrc', '2022-03-14', '未付款', '2022-03-20', '未確認', '0988888888', '蕭哈哈'),
('202203150001', 'dede', '2022-03-15', '未付款', '2022-03-20', '未確認', '0922586945', '楊瑞芳'),
('202203150002', 'hhhhfffcrcrc', '2022-03-15', '未付款', '2022-03-23', '未確認', '0912345678', '賀頭'),
('202203150003', 'hhhhfffcrcrc', '2022-03-15', '已付款', '2022-03-23', '確認訂單', '0912545678', '劉偉'),
('202203150004', 'hhhhfffcrcrc', '2022-03-15', '已付款', '2022-03-23', '確認訂單', '0912645678', '崎頭'),
('202203160001', 'hhhhfffcrcrc', '2022-03-15', '已付款', '2022-03-23', '確認訂單', '0912745678', '雅芳'),
('202203160002', 'hhhhfffcrcrc', '2022-03-15', '已付款', '2022-03-23', '確認訂單', '0912845678', '志信'),
('202203160003', 'hhhhfffcrcrc', '2022-03-15', '未付款', '2022-03-23', '確認訂單', '0912395678', '林國毅'),
('202203170001', 'hhhhfffcrcrc', '2022-03-15', '未付款', '2022-03-23', '確認訂單', '0912345678', '黃小白'),
('202203170002', 'hhhhfffcrcrc', '2022-03-15', '已付款', '2022-03-23', '未確認', '0912345478', '施琅'),
('202203180001', 'hhhhfffcrcrc', '2022-03-15', '未付款', '2022-03-23', '未確認', '0912345678', '歐志'),
('202203180002', 'hhhhfffcrcrc', '2022-03-15', '未付款', '2022-03-23', '確認訂單', '0912345678', '楊瑞'),
('202203180003', 'hhhhfffcrcrc', '2022-03-15', '未付款', '2022-03-23', '未確認', '0912342278', '張芳'),
('202203180004', 'hhhhfffcrcrc', '2022-03-15', '已付款', '2022-03-23', '未確認', '0912345678', '國毅'),
('202203190001', 'hhhhfffcrcrc', '2022-03-15', '已付款', '2022-03-23', '未確認', '0912342278', '施琅'),
('202203190002', 'hhhhfffcrcrc', '2022-03-15', '已付款', '2022-03-23', '未確認', '0912345678', '張雅芳'),
('202203200001', 'hhhhfffcrcrc', '2022-03-20', '已付款', '2022-03-23', '確認訂單', '0912665678', '瑞芳'),
('202203210001', 'hhhhfffcrcrc', '2022-03-21', '已付款', '2022-03-30', '確認訂單', '0912345678', '打我頭'),
('202203210002', 'hhhhfffcrcrc', '2022-03-21', '已付款', '2022-03-30', '確認訂單', '0912349978', '施琅'),
('202203210003', 'hhhhfffcrcrc', '2022-03-21', '已付款', '2022-03-30', '確認訂單', '0912345678', '張雅'),
('202203220001', 'hhhhfffcrcrc', '2022-03-22', '已付款', '2022-03-30', '確認訂單', '0912345678', '劉大'),
('202203220002', 'hhhhfffcrcrc', '2022-03-22', '已付款', '2022-03-30', '確認訂單', '0912345678', '楊瑞芳'),
('202203220003', 'hhhhfffcrcrc', '2022-03-22', '已付款', '2022-03-30', '未確認', '0912345678', '黃小'),
('202203230001', 'hhhhfffcrcrc', '2022-03-23', '已付款', '2022-03-30', '未確認', '0912345678', '林毅'),
('202203230002', 'hhhhfffcrcrc', '2022-03-23', '已付款', '2022-03-30', '確認訂單', '0912345678', '蔡文'),
('202203240001', 'hhhhfffcrcrc', '2022-03-24', '已付款', '2022-03-30', '確認訂單', '0912345678', '哈哈'),
('202203250001', 'hhhhfffcrcrc', '2022-03-25', '已付款', '2022-03-30', '確認訂單', '0912345678', '賀你頭'),
('202203250002', 'hhhhfffcrcrc', '2022-03-25', '已付款', '2022-03-30', '未確認', '0912345678', '大偉'),
('202203250003', 'hhhhfffcrcrc', '2022-03-25', '已付款', '2022-03-30', '確認訂單', '0912345678', '蕭'),
('202203250004', 'hhhhfffcrcrc', '2022-03-25', '已付款', '2022-03-30', '未確認', '0912345678', '黃崎頭'),
('202203260001', 'hhhhfffcrcrc', '2022-03-26', '已付款', '2022-03-30', '未確認', '0912345678', '小白'),
('202203260002', 'hhhhfffcrcrc', '2022-03-26', '已付款', '2022-03-30', '未確認', '0912345678', '黃白'),
('202203260003', 'hhhhfffcrcrc', '2022-03-26', '未付款', '2022-04-03', '確認訂單', '0912345678', '文龍'),
('202203270001', 'hhhhfffcrcrc', '2022-03-27', '未付款', '2022-04-03', '未確認', '0912345678', '施琅'),
('202203270002', 'hhhhfffcrcrc', '2022-03-27', '未付款', '2022-04-03', '未確認', '0912345678', '歐信'),
('202203280001', 'hhhhfffcrcrc', '2022-03-28', '未付款', '2022-04-03', '未確認', '0912345678', '蔡龍'),
('202203280002', 'hhhhfffcrcrc', '2022-03-28', '未付款', '2022-04-03', '確認訂單', '0912345678', '楊芳'),
('202203280003', 'hhhhfffcrcrc', '2022-03-28', '已付款', '2022-04-03', '確認訂單', '0912345678', '張雅芳'),
('202203280004', 'hhhhfffcrcrc', '2022-03-28', '未付款', '2022-04-03', '未確認', '0912345678', '賀崎規'),
('202203290001', 'hhhhfffcrcrc', '2022-03-29', '已付款', '2022-04-03', '未確認', '0912345678', '大偉'),
('202203290002', 'hhhhfffcrcrc', '2022-03-29', '已付款', '2022-04-03', '未確認', '0912345678', '蕭哈'),
('202203300001', 'hhhhfffcrcrc', '2022-03-30', '已付款', '2022-04-03', '未確認', '0912345678', '賀崎林'),
('202203310001', 'hhhhfffcrcrc', '2022-03-31', '已付款', '2022-04-03', '確認訂單', '0912345678', '張雅芳');

-- --------------------------------------------------------

--
-- 資料表結構 `product`
--

CREATE TABLE `product` (
  `productId` int(5) NOT NULL,
  `categoryId` int(3) NOT NULL,
  `sizeId` int(3) NOT NULL,
  `productTitle` varchar(100) NOT NULL,
  `productInfo` varchar(1000) NOT NULL,
  `productPrice` int(4) NOT NULL,
  `ingredient` varchar(500) NOT NULL,
  `productStatus` varchar(10) NOT NULL
) ENGINE=InnoDB DEFAULT CHARSET=utf8;

--
-- 傾印資料表的資料 `product`
--

INSERT INTO `product` (`productId`, `categoryId`, `sizeId`, `productTitle`, `productInfo`, `productPrice`, `ingredient`, `productStatus`) VALUES
(10001, 1, 7, '奶油蛋糕', '台灣第一款 如香水般有豐富層次的頂級巧克力蛋糕\r\n入口前味微苦的巧克力，\r\n中段帶有濃郁的咖啡香，\r\n尾韻則為淡淡的榛果及焦糖香味…', 250, '雞蛋、牛奶、動物鮮奶油、低筋麵粉、比利時鈕扣調溫巧克力、奶油、砂糖、吉利丁', '上架中'),
(10002, 1, 7, '巧克力蛋糕', '台灣第一款 如香水般有豐富層次的頂級巧克力蛋糕\r\n入口前味微苦的巧克力，\r\n中段帶有濃郁的咖啡香，\r\n尾韻則為淡淡的榛果及焦糖香味…', 350, '雞蛋、牛奶、動物鮮奶油、低筋麵粉、比利時鈕扣調溫巧克力、奶油、砂糖、吉利丁', '上架中'),
(20001, 2, 1, '櫻桃杯子蛋糕', '台灣第一款 如香水般有豐富層次的頂級巧克力蛋糕\r\n入口前味微苦的巧克力，\r\n中段帶有濃郁的咖啡香，\r\n尾韻則為淡淡的榛果及焦糖香味…', 150, '雞蛋、牛奶、動物鮮奶油、低筋麵粉、比利時鈕扣調溫巧克力、奶油、砂糖、吉利丁', '上架中'),
(20002, 2, 4, 'test1', '巧克力杯子蛋糕 (Chocolate Cupcake)，是派對聚會、戶外野餐、下午茶點心的好選擇。\r\n法國綠色山丘諾曼第無鹽發酵奶油跟法芙娜巧克力粉，做出香濃可口的巧克力杯子蛋糕，甜而不膩的質地，好吃到真的會上癮。', 550, '低筋麵粉 、法芙娜巧克力粉、泡打粉、鹽、糖、綠色山丘諾曼第無鹽發酵奶油、牛奶 、雞蛋、香草精、Oreo 巧克力夾心', '上架中'),
(20003, 2, 4, 'test2', ' (Chocolate Cupcake)，是派對聚會、戶外野餐、下午茶點心的好選擇。\r\n法國綠色山丘諾曼第無鹽發酵奶油跟法芙娜巧克力粉，做出香濃可口的巧克力杯子蛋糕，甜而不膩的質地，好吃到真的會上癮。', 300, '低筋麵粉 、法芙娜巧克力粉、泡打粉、鹽、糖、綠色山丘諾曼第無鹽發酵奶油、牛奶 、雞蛋、香草精、Oreo 巧克力夾心', '下架中');

-- --------------------------------------------------------

--
-- 資料表結構 `productcategory`
--

CREATE TABLE `productcategory` (
  `categoryId` int(3) NOT NULL,
  `categoryName` varchar(35) NOT NULL
) ENGINE=InnoDB DEFAULT CHARSET=utf8;

--
-- 傾印資料表的資料 `productcategory`
--

INSERT INTO `productcategory` (`categoryId`, `categoryName`) VALUES
(1, '圓形蛋糕'),
(2, '杯子蛋糕');

-- --------------------------------------------------------

--
-- 資料表結構 `productimg`
--

CREATE TABLE `productimg` (
  `productId` int(5) NOT NULL,
  `imgPath` varchar(1000) NOT NULL,
  `productImgId` int(5) NOT NULL
) ENGINE=InnoDB DEFAULT CHARSET=utf8;

--
-- 傾印資料表的資料 `productimg`
--

INSERT INTO `productimg` (`productId`, `imgPath`, `productImgId`) VALUES
(10001, 'https://firebasestorage.googleapis.com/v0/b/sweetbakeryimg.appspot.com/o/butterscotch%201-1.jpg?alt=media&token=170bc7cf-3ea7-4aa3-a709-a0de5d414262', 1),
(10001, 'https://firebasestorage.googleapis.com/v0/b/sweetbakeryimg.appspot.com/o/butterscotch%201-2.jpg?alt=media&token=2c96709c-cf52-447c-898a-95cb6a21bc06', 2),
(10001, 'https://firebasestorage.googleapis.com/v0/b/sweetbakeryimg.appspot.com/o/butterscotch%201-3.jpg?alt=media&token=41599a12-3959-4177-9831-d7036711d0da', 3),
(10002, 'https://firebasestorage.googleapis.com/v0/b/sweetbakeryimg.appspot.com/o/choco-fruit%201-1.jpg?alt=media&token=ca23a2de-60bc-4828-939d-86485f3d99f5', 4),
(10002, 'https://firebasestorage.googleapis.com/v0/b/sweetbakeryimg.appspot.com/o/choco-fruit%201-2.jpg?alt=media&token=38ee4bec-c5ec-4787-8dad-2c4fd934c0cb', 5),
(10002, 'https://firebasestorage.googleapis.com/v0/b/sweetbakeryimg.appspot.com/o/choco-fruit%201-3.jpg?alt=media&token=4706db33-2db6-4f96-8bf9-bda063f70aea', 6),
(20001, 'https://firebasestorage.googleapis.com/v0/b/sweetbakeryimg.appspot.com/o/cupcake%201-1.jpg?alt=media&token=7ede4d42-9003-4797-98e7-a3c454c667ed', 7),
(20001, 'https://firebasestorage.googleapis.com/v0/b/sweetbakeryimg.appspot.com/o/cupcake%201-2.jpg?alt=media&token=9e94c094-7744-41b9-a166-ce4929f2e1c5', 8),
(20001, 'https://firebasestorage.googleapis.com/v0/b/sweetbakeryimg.appspot.com/o/cupcake%201-3.jpeg?alt=media&token=d97c2ad4-deb7-46f1-8aee-d10e7e576de9', 9);

-- --------------------------------------------------------

--
-- 資料表結構 `productsize`
--

CREATE TABLE `productsize` (
  `sizeId` int(3) NOT NULL,
  `sizeName` varchar(30) NOT NULL
) ENGINE=InnoDB DEFAULT CHARSET=utf8;

--
-- 傾印資料表的資料 `productsize`
--

INSERT INTO `productsize` (`sizeId`, `sizeName`) VALUES
(1, '一盒4入'),
(2, '一盒6入'),
(3, '一盒8入'),
(4, '一盒12入'),
(5, '一盒20入'),
(6, '一盒30入'),
(7, '6吋'),
(8, '8吋'),
(9, '10吋');

--
-- 已傾印資料表的索引
--

--
-- 資料表索引 `cartlist`
--
ALTER TABLE `cartlist`
  ADD PRIMARY KEY (`memberId`,`productId`),
  ADD KEY `productId` (`productId`);

--
-- 資料表索引 `classimg`
--
ALTER TABLE `classimg`
  ADD PRIMARY KEY (`classImgId`),
  ADD KEY `classId` (`classId`);

--
-- 資料表索引 `classlist`
--
ALTER TABLE `classlist`
  ADD PRIMARY KEY (`classId`);

--
-- 資料表索引 `classreservation`
--
ALTER TABLE `classreservation`
  ADD PRIMARY KEY (`reservationId`),
  ADD KEY `classTimeId` (`classTimeId`),
  ADD KEY `memberId` (`memberId`);

--
-- 資料表索引 `classtime`
--
ALTER TABLE `classtime`
  ADD PRIMARY KEY (`classTimeId`),
  ADD KEY `classId` (`classId`);

--
-- 資料表索引 `member`
--
ALTER TABLE `member`
  ADD PRIMARY KEY (`memberId`);

--
-- 資料表索引 `orderdetail`
--
ALTER TABLE `orderdetail`
  ADD PRIMARY KEY (`orderId`,`productId`),
  ADD KEY `productId` (`productId`);

--
-- 資料表索引 `orderlist`
--
ALTER TABLE `orderlist`
  ADD PRIMARY KEY (`orderId`),
  ADD KEY `memberId` (`memberId`);

--
-- 資料表索引 `product`
--
ALTER TABLE `product`
  ADD PRIMARY KEY (`productId`),
  ADD KEY `sizeId` (`sizeId`),
  ADD KEY `categoryId` (`categoryId`);

--
-- 資料表索引 `productcategory`
--
ALTER TABLE `productcategory`
  ADD PRIMARY KEY (`categoryId`);

--
-- 資料表索引 `productimg`
--
ALTER TABLE `productimg`
  ADD PRIMARY KEY (`productImgId`),
  ADD KEY `productId` (`productId`);

--
-- 資料表索引 `productsize`
--
ALTER TABLE `productsize`
  ADD PRIMARY KEY (`sizeId`);

--
-- 在傾印的資料表使用自動遞增(AUTO_INCREMENT)
--

--
-- 使用資料表自動遞增(AUTO_INCREMENT) `classimg`
--
ALTER TABLE `classimg`
  MODIFY `classImgId` int(5) NOT NULL AUTO_INCREMENT, AUTO_INCREMENT=4;

--
-- 使用資料表自動遞增(AUTO_INCREMENT) `classlist`
--
ALTER TABLE `classlist`
  MODIFY `classId` int(3) NOT NULL AUTO_INCREMENT, AUTO_INCREMENT=3;

--
-- 使用資料表自動遞增(AUTO_INCREMENT) `classreservation`
--
ALTER TABLE `classreservation`
  MODIFY `reservationId` int(10) NOT NULL AUTO_INCREMENT;

--
-- 使用資料表自動遞增(AUTO_INCREMENT) `classtime`
--
ALTER TABLE `classtime`
  MODIFY `classTimeId` int(8) NOT NULL AUTO_INCREMENT, AUTO_INCREMENT=8;

--
-- 使用資料表自動遞增(AUTO_INCREMENT) `productimg`
--
ALTER TABLE `productimg`
  MODIFY `productImgId` int(5) NOT NULL AUTO_INCREMENT, AUTO_INCREMENT=10;

--
-- 使用資料表自動遞增(AUTO_INCREMENT) `productsize`
--
ALTER TABLE `productsize`
  MODIFY `sizeId` int(3) NOT NULL AUTO_INCREMENT, AUTO_INCREMENT=10;

--
-- 已傾印資料表的限制式
--

--
-- 資料表的限制式 `cartlist`
--
ALTER TABLE `cartlist`
  ADD CONSTRAINT `cartlist_ibfk_2` FOREIGN KEY (`productId`) REFERENCES `product` (`productId`),
  ADD CONSTRAINT `cartlist_ibfk_3` FOREIGN KEY (`memberId`) REFERENCES `member` (`memberId`);

--
-- 資料表的限制式 `classimg`
--
ALTER TABLE `classimg`
  ADD CONSTRAINT `classimg_ibfk_1` FOREIGN KEY (`classId`) REFERENCES `classlist` (`classId`);

--
-- 資料表的限制式 `classreservation`
--
ALTER TABLE `classreservation`
  ADD CONSTRAINT `classreservation_ibfk_2` FOREIGN KEY (`classTimeId`) REFERENCES `classtime` (`classTimeId`),
  ADD CONSTRAINT `classreservation_ibfk_3` FOREIGN KEY (`memberId`) REFERENCES `member` (`memberId`);

--
-- 資料表的限制式 `classtime`
--
ALTER TABLE `classtime`
  ADD CONSTRAINT `classtime_ibfk_1` FOREIGN KEY (`classId`) REFERENCES `classlist` (`classId`);

--
-- 資料表的限制式 `orderdetail`
--
ALTER TABLE `orderdetail`
  ADD CONSTRAINT `orderdetail_ibfk_2` FOREIGN KEY (`productId`) REFERENCES `product` (`productId`),
  ADD CONSTRAINT `orderdetail_ibfk_3` FOREIGN KEY (`orderId`) REFERENCES `orderlist` (`orderId`);

--
-- 資料表的限制式 `orderlist`
--
ALTER TABLE `orderlist`
  ADD CONSTRAINT `orderlist_ibfk_1` FOREIGN KEY (`memberId`) REFERENCES `member` (`memberId`);

--
-- 資料表的限制式 `product`
--
ALTER TABLE `product`
  ADD CONSTRAINT `product_ibfk_2` FOREIGN KEY (`sizeId`) REFERENCES `productsize` (`sizeId`),
  ADD CONSTRAINT `product_ibfk_3` FOREIGN KEY (`categoryId`) REFERENCES `productcategory` (`categoryId`);

--
-- 資料表的限制式 `productimg`
--
ALTER TABLE `productimg`
  ADD CONSTRAINT `productimg_ibfk_1` FOREIGN KEY (`productId`) REFERENCES `product` (`productId`);
COMMIT;

/*!40101 SET CHARACTER_SET_CLIENT=@OLD_CHARACTER_SET_CLIENT */;
/*!40101 SET CHARACTER_SET_RESULTS=@OLD_CHARACTER_SET_RESULTS */;
/*!40101 SET COLLATION_CONNECTION=@OLD_COLLATION_CONNECTION */;
