-- phpMyAdmin SQL Dump
-- version 5.0.4
-- https://www.phpmyadmin.net/
--
-- Host: localhost:3306
-- Generation Time: Mar 09, 2022 at 08:22 AM
-- Server version: 5.7.24
-- PHP Version: 7.4.16

SET SQL_MODE = "NO_AUTO_VALUE_ON_ZERO";
START TRANSACTION;
SET time_zone = "+00:00";


/*!40101 SET @OLD_CHARACTER_SET_CLIENT=@@CHARACTER_SET_CLIENT */;
/*!40101 SET @OLD_CHARACTER_SET_RESULTS=@@CHARACTER_SET_RESULTS */;
/*!40101 SET @OLD_COLLATION_CONNECTION=@@COLLATION_CONNECTION */;
/*!40101 SET NAMES utf8mb4 */;

--
-- Database: `sweetbakery`
--

-- --------------------------------------------------------

--
-- Table structure for table `cartlist`
--

CREATE TABLE `cartlist` (
  `memberId` varchar(50) NOT NULL,
  `productId` int(5) NOT NULL,
  `productNum` int(2) NOT NULL
) ENGINE=InnoDB DEFAULT CHARSET=utf8;

-- --------------------------------------------------------

--
-- Table structure for table `classimg`
--

CREATE TABLE `classimg` (
  `classImgId` int(5) NOT NULL,
  `classId` int(3) NOT NULL,
  `imgPath` varchar(256) NOT NULL
) ENGINE=InnoDB DEFAULT CHARSET=utf8;

--
-- Dumping data for table `classimg`
--

INSERT INTO `classimg` (`classImgId`, `classId`, `imgPath`) VALUES
(1, 1, 'https://firebasestorage.googleapis.com/v0/b/sweetbakeryimg.appspot.com/o/bear%201-1.jpg?alt=media&token=f58c1fae-1765-4e57-8e20-cf68fa18924c'),
(2, 1, 'https://firebasestorage.googleapis.com/v0/b/sweetbakeryimg.appspot.com/o/bear%201-2.jpg?alt=media&token=9c7e18f0-1127-45cb-b106-ff1745b95a3b'),
(3, 1, 'https://firebasestorage.googleapis.com/v0/b/sweetbakeryimg.appspot.com/o/bear%201-3.jpg?alt=media&token=513ea7c0-de1d-4252-a5b9-d789e437c619'),
(7, 4, 'https://firebasestorage.googleapis.com/v0/b/sweetbakeryimg.appspot.com/o/cake%201-1.jpeg?alt=media&token=68c08e10-951e-11ec-8089-ab5250c11d0f'),
(8, 4, 'https://firebasestorage.googleapis.com/v0/b/sweetbakeryimg.appspot.com/o/cake%201-2.jpeg?alt=media&token=68c08e10-951e-11ec-8089-ab5250c11d0f'),
(9, 4, 'https://firebasestorage.googleapis.com/v0/b/sweetbakeryimg.appspot.com/o/cake%201-3.jpeg?alt=media&token=68c08e10-951e-11ec-8089-ab5250c11d0f'),
(19, 8, 'https://firebasestorage.googleapis.com/v0/b/sweetbakeryimg.appspot.com/o/cookie%201-1.jpg?alt=media&token=736c1fe0-9dda-11ec-bd74-69e3724d7cfd'),
(20, 8, 'https://firebasestorage.googleapis.com/v0/b/sweetbakeryimg.appspot.com/o/cookie%201-2.jpg?alt=media&token=736c1fe0-9dda-11ec-bd74-69e3724d7cfd'),
(21, 8, 'https://firebasestorage.googleapis.com/v0/b/sweetbakeryimg.appspot.com/o/cookie%201-3.jpg?alt=media&token=736c1fe0-9dda-11ec-bd74-69e3724d7cfd');

-- --------------------------------------------------------

--
-- Table structure for table `classlist`
--

CREATE TABLE `classlist` (
  `classId` int(3) NOT NULL,
  `classTitle` varchar(20) NOT NULL,
  `classInfo` varchar(1000) NOT NULL,
  `classPrice` int(4) NOT NULL,
  `classDuration` float NOT NULL
) ENGINE=InnoDB DEFAULT CHARSET=utf8;

--
-- Dumping data for table `classlist`
--

INSERT INTO `classlist` (`classId`, `classTitle`, `classInfo`, `classPrice`, `classDuration`) VALUES
(1, '熊熊蛋糕', '巧克力杯子蛋糕 (Chocolate Cupcake)，是派對聚會、戶外野餐、下午茶點心的好選擇。\n法國綠色山丘諾曼第無鹽發酵奶油跟法芙娜巧克力粉，做出香濃可口的巧克力杯子蛋糕，甜而不膩的質地，好吃到真的會上癮。', 360, 2.5),
(4, '草莓蛋糕', '草莓蛋糕\r\n草莓蛋糕', 222, 2.5),
(8, '松鼠餅乾', '從工具食材開始介紹，學會餅乾製作方法、糖霜製作方法及糖霜調色訣竅。接著透過老師示範的各種糖霜繪製技巧', 260, 2.5);

-- --------------------------------------------------------

--
-- Table structure for table `classreservation`
--

CREATE TABLE `classreservation` (
  `reservationId` int(10) NOT NULL,
  `memberId` varchar(50) NOT NULL,
  `classTimeId` int(8) NOT NULL,
  `guestNum` int(2) NOT NULL,
  `guestName` varchar(10) NOT NULL,
  `guestPhone` char(10) NOT NULL
) ENGINE=InnoDB DEFAULT CHARSET=utf8;

--
-- Dumping data for table `classreservation`
--

INSERT INTO `classreservation` (`reservationId`, `memberId`, `classTimeId`, `guestNum`, `guestName`, `guestPhone`) VALUES
(1, 'hhhhfffcrcrc', 1, 5, '林真妍', '0952454555'),
(3, 'hhhhfffcrcrc', 2, 1, '於阿', '0952454555'),
(4, 'hhhhfffcrcrc', 3, 2, '李秀桓', '0952454555'),
(11, 'hhhhfffcrcrc', 9, 3, '陳星珮', '0933415236');

-- --------------------------------------------------------

--
-- Table structure for table `classtime`
--

CREATE TABLE `classtime` (
  `classTimeId` int(8) NOT NULL,
  `classId` int(3) NOT NULL,
  `startDate` date NOT NULL,
  `startTime` time NOT NULL,
  `totalPeople` int(2) NOT NULL,
  `remain` int(2) NOT NULL
) ENGINE=InnoDB DEFAULT CHARSET=utf8;

--
-- Dumping data for table `classtime`
--

INSERT INTO `classtime` (`classTimeId`, `classId`, `startDate`, `startTime`, `totalPeople`, `remain`) VALUES
(1, 1, '2022-02-02', '10:00:00', 15, 10),
(2, 1, '2022-02-02', '13:30:00', 15, 14),
(3, 4, '2022-02-15', '15:00:00', 10, 8),
(5, 1, '2022-03-01', '10:00:00', 12, 12),
(7, 4, '2022-03-18', '10:30:00', 20, 20),
(8, 4, '2022-03-27', '09:30:00', 20, 20),
(9, 4, '2022-03-16', '15:40:00', 40, 37),
(10, 4, '2022-03-31', '21:30:00', 20, 20),
(11, 1, '2022-04-05', '22:00:00', 20, 20),
(13, 1, '2022-03-19', '14:19:00', 20, 20),
(14, 1, '2022-03-24', '15:21:00', 20, 20),
(15, 4, '2022-03-17', '15:23:00', 20, 20),
(18, 8, '2022-03-17', '15:04:00', 20, 20);

-- --------------------------------------------------------

--
-- Table structure for table `member`
--

CREATE TABLE `member` (
  `memberId` varchar(50) NOT NULL,
  `email` varchar(100) NOT NULL,
  `userPassword` varchar(100) NOT NULL,
  `userName` varchar(10) NOT NULL,
  `userPhone` char(10) NOT NULL,
  `userBirthday` date NOT NULL,
  `fb` varchar(50) NOT NULL,
  `google` varchar(50) NOT NULL
) ENGINE=InnoDB DEFAULT CHARSET=utf8;

--
-- Dumping data for table `member`
--

INSERT INTO `member` (`memberId`, `email`, `userPassword`, `userName`, `userPhone`, `userBirthday`, `fb`, `google`) VALUES
('dede', 'cosmo4956@gmail.com', '123456', '李慧婷', '', '1999-02-17', '', ''),
('handsome', 'aozxswzaq0118@gmail.com', '123456', '韋禮安', '0912456333', '1997-01-18', '', ''),
('hhhhfffcrcrc', 'hhl5778@gmail.com', '123456', '袁于晴', '0954254754', '1999-02-17', '', '');

-- --------------------------------------------------------

--
-- Table structure for table `orderdetail`
--

CREATE TABLE `orderdetail` (
  `orderId` varchar(12) NOT NULL,
  `productId` int(5) NOT NULL,
  `productNum` int(3) NOT NULL,
  `productPrice` int(4) NOT NULL
) ENGINE=InnoDB DEFAULT CHARSET=utf8;

--
-- Dumping data for table `orderdetail`
--

INSERT INTO `orderdetail` (`orderId`, `productId`, `productNum`, `productPrice`) VALUES
('202101010001', 10001, 4, 250),
('202101020001', 10002, 3, 370),
('202101030001', 10001, 3, 250),
('202101040001', 10002, 5, 250),
('202101050001', 20001, 4, 150),
('202101050002', 30001, 2, 350),
('202101050002', 30002, 3, 500),
('202101060001', 10001, 4, 250),
('202101060001', 20001, 2, 150),
('202101070001', 10001, 3, 250),
('202101070001', 10002, 4, 370),
('202101080001', 20001, 2, 150),
('202101090001', 10002, 2, 370),
('202101100001', 10002, 3, 370),
('202101110001', 20001, 4, 150),
('202101120001', 10002, 2, 370),
('202101120002', 10001, 2, 250),
('202101120003', 10003, 2, 360),
('202101130001', 20001, 2, 250),
('202101130002', 10003, 2, 360),
('202101130003', 10003, 2, 360),
('202101140001', 10001, 2, 250),
('202101140002', 10002, 2, 370),
('202101140003', 20001, 2, 250),
('202101140004', 10004, 2, 750),
('202101150001', 10001, 2, 250),
('202101150002', 10003, 2, 360),
('202101150003', 10002, 2, 370),
('202101150004', 20001, 2, 250),
('202101160001', 10004, 2, 750),
('202101160002', 10001, 2, 250),
('202101160003', 10002, 2, 370),
('202101170001', 10001, 2, 250),
('202101170002', 10002, 2, 370),
('202101170003', 10003, 2, 360),
('202101170004', 10001, 2, 250),
('202101180001', 10001, 2, 250),
('202101180002', 10004, 2, 750),
('202101180003', 10002, 2, 370),
('202101180004', 10001, 2, 250),
('202101190001', 10002, 2, 370),
('202101190002', 20001, 2, 250),
('202101190003', 10002, 2, 370),
('202101200001', 10004, 2, 750),
('202101200002', 10001, 2, 250),
('202101200003', 10002, 2, 370),
('202101200004', 20001, 2, 250),
('202101210001', 10002, 2, 370),
('202101210002', 10003, 2, 360),
('202101210003', 10003, 2, 360),
('202101210004', 10004, 2, 750),
('202101220001', 10001, 2, 370),
('202101220002', 10002, 2, 370),
('202101220003', 10001, 2, 250),
('202101220004', 10001, 2, 250),
('202101230001', 10003, 2, 360),
('202101230002', 10002, 2, 370),
('202101230003', 10001, 2, 250),
('202101240001', 10002, 2, 370),
('202101240002', 10002, 2, 370),
('202101240003', 10001, 2, 250),
('202101250001', 10004, 2, 750),
('202101250002', 10002, 2, 370),
('202101250003', 20001, 2, 370),
('202101260001', 10002, 2, 370),
('202101260002', 10003, 2, 360),
('202101260003', 10002, 2, 370),
('202101270001', 10003, 2, 360),
('202101270002', 10001, 2, 250),
('202101270003', 10004, 2, 750),
('202101280001', 10004, 2, 750),
('202101280002', 10002, 2, 370),
('202101280003', 10001, 2, 250),
('202101290001', 10002, 2, 370),
('202101290002', 10002, 2, 370),
('202101290003', 10003, 2, 360),
('202101300001', 10003, 2, 360),
('202101300002', 10001, 2, 250),
('202101300003', 20001, 2, 250),
('202101310001', 10004, 2, 750),
('202101310002', 10001, 2, 250),
('202101310003', 10002, 2, 370),
('202110200001', 10001, 2, 250),
('202110200001', 10002, 3, 370),
('202111110001', 10002, 3, 370),
('202111110001', 20001, 4, 150),
('202112260001', 10001, 3, 250),
('202112260001', 10002, 4, 370),
('202201010001', 10001, 1, 250),
('202201010002', 10002, 2, 370),
('202201020001', 20001, 2, 150),
('202201030001', 10001, 1, 250),
('202201030002', 10002, 2, 370),
('202201030002', 20001, 2, 150),
('202201040001', 10001, 1, 250),
('202201040001', 20001, 3, 150),
('202201040002', 10001, 2, 250),
('202201040002', 10002, 2, 370),
('202201040003', 10001, 3, 250),
('202201050001', 10002, 4, 370),
('202201050001', 20001, 3, 150),
('202201050002', 20001, 5, 150),
('202201050003', 10001, 2, 250),
('202201050004', 20001, 4, 150),
('202201050005', 10001, 1, 250),
('202201050005', 10002, 3, 370),
('202201060001', 10002, 1, 370),
('202201060001', 20001, 1, 150),
('202201070001', 10001, 2, 250),
('202201070001', 10002, 2, 370),
('202201070001', 20001, 2, 150),
('202201070002', 10001, 3, 250),
('202201080001', 10001, 1, 250),
('202201080001', 10002, 2, 370),
('202201090001', 10001, 2, 250),
('202201090001', 20001, 4, 150),
('202201090002', 10002, 1, 370),
('202201100001', 10001, 1, 250),
('202201100001', 10002, 2, 370),
('202201110001', 20001, 2, 150),
('202201120001', 10001, 1, 250),
('202201120001', 10002, 2, 370),
('202201120002', 20001, 2, 150),
('202201130001', 10001, 1, 250),
('202201130001', 20001, 3, 150),
('202201140001', 10002, 2, 370),
('202201140002', 10001, 2, 250),
('202201140002', 20001, 3, 150),
('202201140003', 10002, 4, 370),
('202201140004', 20001, 5, 150),
('202201150001', 10001, 2, 250),
('202201150001', 20001, 4, 150),
('202201150002', 10002, 3, 370),
('202201160001', 10002, 1, 370),
('202201160002', 20001, 1, 150),
('202201160003', 10001, 2, 250),
('202201170001', 10002, 2, 370),
('202201170001', 20001, 2, 150),
('202201180001', 10001, 3, 250),
('202201180001', 10002, 2, 370),
('202201180002', 20001, 4, 150),
('202201190001', 10001, 2, 250),
('202201190001', 10002, 1, 370),
('202201200001', 10001, 1, 250),
('202201210001', 10002, 2, 370),
('202201210001', 20001, 2, 150),
('202201210002', 10001, 1, 250),
('202201220001', 10002, 2, 370),
('202201220002', 10002, 1, 370),
('202201220003', 20001, 2, 150),
('202201230001', 10001, 1, 250),
('202201230001', 20001, 3, 150),
('202201240001', 10002, 2, 370),
('202201250001', 10001, 3, 250),
('202201250001', 20001, 3, 150),
('202201250002', 10002, 4, 370),
('202201260001', 20001, 5, 150),
('202201260002', 10001, 2, 250),
('202201260003', 20001, 4, 150),
('202201270001', 10001, 1, 250),
('202201270001', 10002, 3, 370),
('202201280001', 10001, 2, 250),
('202201280001', 10002, 1, 370),
('202201280001', 20001, 1, 150),
('202201280002', 10002, 2, 370),
('202201290001', 20001, 2, 150),
('202201290002', 10001, 1, 250),
('202201300001', 20001, 4, 150),
('202201310001', 10001, 2, 250),
('202201310001', 10002, 2, 250),
('202203010001', 10001, 1, 250),
('202203010002', 10002, 2, 370),
('202203010003', 10002, 4, 370),
('202203010004', 10001, 5, 250),
('202203010005', 30001, 4, 350),
('202203010006', 10002, 3, 370),
('202203010006', 30001, 1, 350),
('202203010006', 30002, 3, 500),
('202203020001', 20001, 2, 150),
('202203030001', 10001, 1, 250),
('202203030002', 10001, 1, 250),
('202203030002', 10002, 2, 370),
('202203030002', 20001, 2, 150),
('202203030003', 30001, 2, 350),
('202203040001', 10001, 1, 250),
('202203040001', 20001, 3, 150),
('202203040002', 10001, 2, 250),
('202203040002', 10002, 2, 370),
('202203040003', 10001, 3, 250),
('202203040004', 30001, 4, 350),
('202203040005', 20001, 5, 150),
('202203050001', 10002, 4, 370),
('202203050001', 20001, 3, 150),
('202203050002', 20001, 5, 150),
('202203050003', 10001, 2, 250),
('202203050003', 10003, 3, 360),
('202203050004', 20001, 4, 150),
('202203050005', 10001, 1, 250),
('202203050005', 10002, 3, 370),
('202203050006', 10004, 2, 750),
('202203050007', 10003, 3, 360),
('202203060001', 10002, 1, 370),
('202203060001', 20001, 1, 150),
('202203060002', 10004, 2, 750),
('202203070001', 10001, 2, 250),
('202203070001', 10002, 2, 370),
('202203070001', 20001, 2, 150),
('202203070002', 10001, 3, 250),
('202203070003', 10002, 3, 370),
('202203070004', 20002, 2, 360),
('202203080001', 10001, 1, 250),
('202203080001', 10002, 2, 370),
('202203090001', 10001, 2, 250),
('202203090001', 20001, 4, 150),
('202203090002', 10002, 1, 370),
('202203100001', 10001, 1, 250),
('202203100001', 10002, 2, 370),
('202203110001', 20001, 2, 150),
('202203120001', 10001, 1, 250),
('202203120001', 10002, 2, 370),
('202203120001', 20001, 1, 150),
('202203120002', 20001, 2, 150),
('202203130001', 10001, 1, 250),
('202203130001', 20001, 3, 150),
('202203140001', 10002, 2, 370),
('202203140002', 10001, 2, 250),
('202203140002', 20001, 3, 150),
('202203140003', 10002, 4, 370),
('202203140004', 20001, 5, 150),
('202203150001', 10001, 2, 250),
('202203150001', 20001, 4, 150),
('202203150002', 10002, 3, 370),
('202203150003', 10004, 1, 750),
('202203150004', 30001, 5, 350),
('202203160001', 10002, 1, 370),
('202203160002', 20001, 1, 150),
('202203160003', 10001, 2, 250),
('202203170001', 10002, 2, 370),
('202203170001', 20001, 2, 150),
('202203170002', 30002, 5, 500),
('202203180001', 10001, 1, 250),
('202203180001', 10002, 2, 370),
('202203180002', 20001, 4, 150),
('202203190001', 10001, 2, 250),
('202203190001', 10002, 1, 370),
('202203200001', 10001, 1, 250),
('202203210001', 10002, 2, 370),
('202203210001', 20001, 2, 150),
('202203210002', 10001, 1, 250),
('202203220001', 10002, 2, 370),
('202203220002', 10002, 1, 370),
('202203220003', 20001, 2, 150),
('202203230002', 10001, 4, 250),
('202203230002', 20001, 2, 150),
('202203240001', 10002, 2, 370),
('202203250001', 10001, 2, 250),
('202203250001', 20001, 3, 150),
('202203250002', 10002, 4, 370),
('202203260001', 20001, 5, 150),
('202203260002', 10001, 2, 250),
('202203260003', 20001, 4, 150),
('202203270001', 10001, 1, 250),
('202203270001', 10002, 3, 370),
('202203280001', 10001, 2, 250),
('202203280001', 10002, 1, 370),
('202203280001', 20001, 1, 150),
('202203280002', 10002, 2, 370),
('202203290001', 20001, 2, 150),
('202203290002', 10001, 1, 250),
('202203300001', 20001, 4, 150),
('202203310001', 10001, 2, 250);

-- --------------------------------------------------------

--
-- Table structure for table `orderlist`
--

CREATE TABLE `orderlist` (
  `orderId` varchar(12) NOT NULL,
  `memberId` varchar(50) NOT NULL,
  `orderDate` date NOT NULL,
  `paymementStatus` varchar(4) NOT NULL,
  `pickupDate` date NOT NULL,
  `orderStatus` varchar(4) NOT NULL,
  `buyerPhone` char(10) NOT NULL,
  `buyerName` varchar(10) NOT NULL
) ENGINE=InnoDB DEFAULT CHARSET=utf8;

--
-- Dumping data for table `orderlist`
--

INSERT INTO `orderlist` (`orderId`, `memberId`, `orderDate`, `paymementStatus`, `pickupDate`, `orderStatus`, `buyerPhone`, `buyerName`) VALUES
('202101010001', 'hhhhfffcrcrc', '2021-01-01', '已付款', '2021-01-06', '確認訂單', '0984827644', '鄭凱倫'),
('202101020001', 'handsome', '2021-01-02', '已付款', '2021-01-07', '確認訂單', '0985768555', '趙政翰'),
('202101030001', 'hhhhfffcrcrc', '2021-01-03', '已付款', '2021-01-06', '確認訂單', '0984817644', '邱仁豪'),
('202101040001', 'dede', '2021-01-04', '已付款', '2021-01-07', '確認訂單', '0984827244', '張政廷'),
('202101050001', 'handsome', '2021-01-05', '已付款', '2021-01-08', '確認訂單', '0922827644', '謝詠豐'),
('202101050002', 'handsome', '2021-01-05', '已付款', '2021-01-10', '確認訂單', '0912345678', '林玲玲'),
('202101060001', 'handsome', '2021-01-06', '已付款', '2021-01-09', '確認訂單', '0984827123', '王雅云'),
('202101070001', 'dede', '2021-01-07', '已付款', '2021-01-10', '確認訂單', '0988827644', '洪欣宜'),
('202101080001', 'hhhhfffcrcrc', '2021-01-08', '已付款', '2021-01-11', '確認訂單', '0984850644', '吳文婷'),
('202101090001', 'handsome', '2021-01-09', '已付款', '2021-01-12', '確認訂單', '0911127644', '李火蓁'),
('202101100001', 'hhhhfffcrcrc', '2021-01-10', '已付款', '2021-01-13', '確認訂單', '0984827744', '陳淑娟'),
('202101110001', 'dede', '2021-01-11', '已付款', '2021-01-06', '確認訂單', '0984866614', '李丞貴'),
('202101120001', 'hhhhfffcrcrc', '2021-01-12', '已付款', '2021-01-15', '確認訂單', '0984111222', '楊大儒'),
('202101120002', 'dede', '2021-01-12', '已付款', '2021-01-15', '確認訂單', '0912123586', '丁剛佐'),
('202101120003', 'handsome', '2021-01-12', '已付款', '2021-01-15', '確認訂單', '0966954813', '吳國瑋'),
('202101130001', 'hhhhfffcrcrc', '2021-01-13', '已付款', '2021-01-16', '確認訂單', '0911976852', '柯怡芳'),
('202101130002', 'dede', '2021-01-13', '已付款', '2021-01-17', '確認訂單', '0933586112', '許惠瑄'),
('202101130003', 'handsome', '2021-01-13', '已付款', '2021-01-18', '確認訂單', '0977495681', '蔡淑貞'),
('202101140001', 'hhhhfffcrcrc', '2021-01-14', '已付款', '2021-01-19', '確認訂單', '0911976811', '蕭玉梅'),
('202101140002', 'dede', '2021-01-14', '已付款', '2021-01-20', '確認訂單', '0933586123', '張建良'),
('202101140003', 'handsome', '2021-01-14', '已付款', '2021-01-20', '確認訂單', '0977415681', '周威任'),
('202101140004', 'hhhhfffcrcrc', '2021-01-14', '已付款', '2021-01-19', '確認訂單', '0917976852', '常健凱'),
('202101150001', 'hhhhfffcrcrc', '2021-01-15', '已付款', '2021-01-22', '確認訂單', '0911976811', '宋怡潔'),
('202101150002', 'dede', '2021-01-15', '已付款', '2021-01-23', '確認訂單', '0933586123', '林芳男'),
('202101150003', 'handsome', '2021-01-15', '已付款', '2021-01-23', '確認訂單', '0977415681', '李佩璇'),
('202101150004', 'hhhhfffcrcrc', '2021-01-15', '已付款', '2021-01-22', '確認訂單', '0917976852', '王郁秀'),
('202101160001', 'hhhhfffcrcrc', '2021-01-16', '已付款', '2021-01-22', '確認訂單', '0984156222', '駱妤梅'),
('202101160002', 'dede', '2021-01-16', '已付款', '2021-01-22', '確認訂單', '0912188586', '洪治湖'),
('202101160003', 'handsome', '2021-01-16', '已付款', '2021-01-22', '確認訂單', '0966956589', '駱孝樂'),
('202101170001', 'hhhhfffcrcrc', '2021-01-17', '已付款', '2021-01-22', '確認訂單', '0911971111', '陳豐美'),
('202101170002', 'dede', '2021-01-17', '已付款', '2021-01-20', '確認訂單', '0933586846', '袁伶'),
('202101170003', 'handsome', '2021-01-17', '已付款', '2021-01-20', '確認訂單', '0977415889', '謝勝映'),
('202101170004', 'hhhhfffcrcrc', '2021-01-17', '已付款', '2021-01-22', '確認訂單', '0951976852', '李易雪'),
('202101180001', 'hhhhfffcrcrc', '2021-01-18', '已付款', '2021-01-23', '確認訂單', '0925271111', '郭嘉平'),
('202101180002', 'dede', '2021-01-18', '已付款', '2021-01-24', '確認訂單', '0984686846', '王彥博'),
('202101180003', 'handsome', '2021-01-18', '已付款', '2021-01-24', '確認訂單', '0977485789', '張景任'),
('202101180004', 'hhhhfffcrcrc', '2021-01-18', '已付款', '2021-01-23', '確認訂單', '0951911852', '詹尹玲'),
('202101190001', 'hhhhfffcrcrc', '2021-01-19', '已付款', '2021-01-24', '確認訂單', '0984111922', '趙承翰'),
('202101190002', 'dede', '2021-01-19', '已付款', '2021-01-24', '確認訂單', '0912123586', '傅大鈞'),
('202101190003', 'handsome', '2021-01-19', '已付款', '2021-01-24', '確認訂單', '0966954813', '熊琦偉'),
('202101200001', 'hhhhfffcrcrc', '2021-01-20', '已付款', '2021-01-25', '確認訂單', '0925271212', '丁以州'),
('202101200002', 'dede', '2021-01-20', '已付款', '2021-01-24', '確認訂單', '0984686113', '錢其聿'),
('202101200003', 'handsome', '2021-01-20', '已付款', '2021-01-24', '確認訂單', '0977485456', '吳樂伶'),
('202101200004', 'hhhhfffcrcrc', '2021-01-20', '已付款', '2021-01-25', '確認訂單', '0951123452', '蔡儀俊'),
('202101210001', 'hhhhfffcrcrc', '2021-01-21', '已付款', '2021-01-26', '確認訂單', '0925816725', '陳怡娥'),
('202101210002', 'dede', '2021-01-21', '已付款', '2021-01-26', '確認訂單', '0984992213', '王俊亞'),
('202101210003', 'handsome', '2021-01-21', '已付款', '2021-01-26', '確認訂單', '0977484444', '白燕白'),
('202101210004', 'hhhhfffcrcrc', '2021-01-21', '已付款', '2021-01-26', '確認訂單', '0951128794', '蔡家銘'),
('202101220001', 'hhhhfffcrcrc', '2021-01-22', '已付款', '2021-01-26', '確認訂單', '0925816788', '李晏伸'),
('202101220002', 'dede', '2021-01-22', '已付款', '2021-01-26', '確認訂單', '0984993313', '陳哲宇'),
('202101220003', 'handsome', '2021-01-22', '已付款', '2021-01-26', '確認訂單', '0977422444', '林美慧'),
('202101220004', 'hhhhfffcrcrc', '2021-01-22', '已付款', '2021-01-26', '確認訂單', '0951847945', '王劭雪'),
('202101230001', 'hhhhfffcrcrc', '2021-01-23', '已付款', '2021-01-27', '確認訂單', '0984124522', '林郁奇'),
('202101230002', 'dede', '2021-01-23', '已付款', '2021-01-27', '確認訂單', '0912123444', '鄭紋儀'),
('202101230003', 'handsome', '2021-01-23', '已付款', '2021-01-27', '確認訂單', '0966988613', '林宗儒'),
('202101240001', 'hhhhfffcrcrc', '2021-01-24', '已付款', '2021-01-28', '確認訂單', '0987845522', '徐淑惠'),
('202101240002', 'dede', '2021-01-24', '已付款', '2021-01-28', '確認訂單', '0919956844', '陳堯璇'),
('202101240003', 'handsome', '2021-01-24', '已付款', '2021-01-28', '確認訂單', '0961856794', '林靜均'),
('202101250001', 'hhhhfffcrcrc', '2021-01-25', '已付款', '2021-01-29', '確認訂單', '0987848495', '劉佳貴'),
('202101250002', 'dede', '2021-01-25', '已付款', '2021-01-29', '確認訂單', '0911643844', '劉俊桓'),
('202101250003', 'handsome', '2021-01-25', '已付款', '2021-01-29', '確認訂單', '0988466794', '湛育如'),
('202101260001', 'hhhhfffcrcrc', '2021-01-26', '已付款', '2021-01-29', '確認訂單', '0981111495', '丁培萍'),
('202101260002', 'dede', '2021-01-26', '已付款', '2021-01-29', '確認訂單', '0911642263', '李思麟'),
('202101260003', 'handsome', '2021-01-26', '已付款', '2021-01-29', '確認訂單', '0988418464', '張志文'),
('202101270001', 'hhhhfffcrcrc', '2021-01-27', '已付款', '2021-01-30', '確認訂單', '0981849156', '魏雅芳'),
('202101270002', 'dede', '2021-01-27', '已付款', '2021-01-30', '確認訂單', '0987654113', '劉建映'),
('202101270003', 'handsome', '2021-01-27', '已付款', '2021-01-30', '確認訂單', '0911223526', '項美倫'),
('202101280001', 'hhhhfffcrcrc', '2021-01-28', '已付款', '2021-01-31', '確認訂單', '0985566156', '錢白亞'),
('202101280002', 'dede', '2021-01-28', '已付款', '2021-01-31', '確認訂單', '0987684613', '李建妮'),
('202101280003', 'handsome', '2021-01-28', '已付款', '2021-01-31', '確認訂單', '0916523526', '楊惠白'),
('202101290001', 'hhhhfffcrcrc', '2021-01-29', '已付款', '2021-02-01', '確認訂單', '0912366156', '高玟男'),
('202101290002', 'dede', '2021-01-29', '已付款', '2021-02-01', '確認訂單', '0987684698', '童元蕙'),
('202101290003', 'handsome', '2021-01-29', '已付款', '2021-02-01', '確認訂單', '0916778426', '楊雅雯'),
('202101300001', 'hhhhfffcrcrc', '2021-01-30', '已付款', '2021-02-02', '確認訂單', '0985946156', '林翔玫'),
('202101300002', 'dede', '2021-01-30', '已付款', '2021-02-02', '確認訂單', '0987684165', '林凡依'),
('202101300003', 'handsome', '2021-01-30', '已付款', '2021-02-02', '確認訂單', '0916771234', '葉仕吉'),
('202101310001', 'hhhhfffcrcrc', '2021-01-31', '已付款', '2021-02-03', '確認訂單', '0985164156', '倪千慧'),
('202101310002', 'dede', '2021-01-31', '已付款', '2021-02-03', '確認訂單', '0987684111', '黃兆俊'),
('202101310003', 'handsome', '2021-01-31', '已付款', '2021-02-03', '確認訂單', '0916771222', '黎兆花'),
('202103010001', 'dede', '2021-01-01', '已付款', '2021-01-07', '確認訂單', '0984827652', '姚焄'),
('202103150001', 'hhhhfffcrcrc', '2021-03-15', '已付款', '2021-03-18', '確認訂單', '0984827125', '陳百州'),
('202104230001', 'dede', '2021-04-23', '已付款', '2021-04-28', '確認訂單', '0984827003', '沈宛真'),
('202105040001', 'handsome', '2021-05-04', '已付款', '2021-05-11', '確認訂單', '0984827754', '張偉哲'),
('202106240001', 'hhhhfffcrcrc', '2021-06-24', '已付款', '2021-06-28', '確認訂單', '0912345111', '楊淑婷'),
('202107190001', 'handsome', '2021-07-19', '已付款', '2021-07-23', '確認訂單', '0984827999', '金雲盈'),
('202108220001', 'dede', '2021-08-22', '已付款', '2021-08-28', '確認訂單', '0912347845', '黃耀年'),
('202109020001', 'handsome', '2021-09-02', '已付款', '2021-09-11', '確認訂單', '0985767748', '錢奕辰'),
('202110200001', 'hhhhfffcrcrc', '2021-10-20', '已付款', '2021-10-24', '確認訂單', '0985887461', '林貞吟'),
('202111110001', 'handsome', '2021-11-11', '已付款', '2021-11-16', '確認訂單', '0948167521', '黃冠任'),
('202112260001', 'handsome', '2021-12-26', '已付款', '2021-12-31', '確認訂單', '0911548245', '戴俊毅'),
('202201010001', 'dede', '2022-01-01', '已付款', '2022-01-05', '確認訂單', '0985889551', '李白'),
('202201010002', 'hhhhfffcrcrc', '2022-01-01', '已付款', '2022-01-05', '確認訂單', '0911859648', '王浩浩'),
('202201020001', 'hhhhfffcrcrc', '2022-01-02', '已付款', '2022-01-05', '確認訂單', '0912846950', '林國毅'),
('202201030001', 'hhhhfffcrcrc', '2022-01-03', '已付款', '2022-01-05', '確認訂單', '0984885231', '杜甫'),
('202201030002', 'hhhhfffcrcrc', '2022-01-03', '已付款', '2022-01-05', '確認訂單', '0988952110', '施琅'),
('202201030003', 'dede', '2022-01-03', '已付款', '2022-01-05', '確認訂單', '0985768165', '劉大偉'),
('202201030004', 'hhhhfffcrcrc', '2022-01-03', '已付款', '2022-01-05', '確認訂單', '0985889568', '吳小廢'),
('202201040001', 'dede', '2022-01-04', '已付款', '2022-01-05', '確認訂單', '0984827651', '林玲玲'),
('202201040002', 'hhhhfffcrcrc', '2022-01-04', '已付款', '2022-01-06', '確認訂單', '0988888888', '蕭哈哈'),
('202201040003', 'dede', '2022-01-04', '已付款', '2022-01-07', '確認訂單', '0922586945', '楊瑞芳'),
('202201040004', 'hhhhfffcrcrc', '2022-01-04', '已付款', '2022-01-07', '確認訂單', '0912345678', '賀崎頭'),
('202201040005', 'hhhhfffcrcrc', '2022-01-04', '已付款', '2022-01-07', '確認訂單', '0944652789', '陳惠貞'),
('202201050001', 'dede', '2022-01-05', '已付款', '2022-01-10', '確認訂單', '0922485458', '陳俊榮'),
('202201050002', 'dede', '2022-01-05', '已付款', '2022-01-10', '確認訂單', '0911111111', '歐志信'),
('202201050003', 'dede', '2022-01-05', '已付款', '2022-01-10', '確認訂單', '0922584888', '蔡文龍'),
('202201050004', 'hhhhfffcrcrc', '2022-01-05', '已付款', '2022-01-10', '確認訂單', '098588111', '許郁雯'),
('202201050005', 'hhhhfffcrcrc', '2022-01-05', '已付款', '2022-01-10', '確認訂單', '0984827222', '張雅芳'),
('202201050006', 'dede', '2022-01-05', '已付款', '2022-01-10', '確認訂單', '0955849682', '黃小白'),
('202201050007', 'dede', '2022-01-05', '已付款', '2022-01-10', '確認訂單', '0985889551', '李白'),
('202201060001', 'hhhhfffcrcrc', '2022-01-06', '已付款', '2022-01-11', '確認訂單', '0911859648', '王浩浩'),
('202201060002', 'hhhhfffcrcrc', '2022-01-06', '已付款', '2022-01-11', '確認訂單', '0912846950', '林國毅'),
('202201070001', 'hhhhfffcrcrc', '2022-01-07', '已付款', '2022-01-12', '確認訂單', '0984885231', '杜甫'),
('202201070002', 'hhhhfffcrcrc', '2022-01-07', '已付款', '2022-01-12', '確認訂單', '0988952110', '施琅'),
('202201070003', 'dede', '2022-01-07', '已付款', '2022-01-12', '確認訂單', '0985768165', '劉大偉'),
('202201070004', 'hhhhfffcrcrc', '2022-01-07', '已付款', '2022-01-12', '確認訂單', '0985889568', '吳小廢'),
('202201080001', 'dede', '2022-01-08', '已付款', '2022-01-13', '確認訂單', '0984827651', '林玲玲'),
('202201080002', 'hhhhfffcrcrc', '2022-01-08', '已付款', '2022-01-13', '確認訂單', '0988888888', '蕭哈哈'),
('202201090001', 'dede', '2022-01-09', '已付款', '2022-01-14', '確認訂單', '0922586945', '楊瑞芳'),
('202201090002', 'hhhhfffcrcrc', '2022-01-09', '已付款', '2022-01-14', '確認訂單', '0912345678', '賀崎頭'),
('202201090003', 'hhhhfffcrcrc', '2022-01-09', '已付款', '2022-01-14', '確認訂單', '0944652789', '陳惠貞'),
('202201100001', 'dede', '2022-01-10', '已付款', '2022-01-15', '確認訂單', '0922485458', '陳俊榮'),
('202201100002', 'dede', '2022-01-10', '已付款', '2022-01-15', '確認訂單', '0911111111', '歐志信'),
('202201110001', 'dede', '2022-01-11', '已付款', '2022-01-15', '確認訂單', '0922584888', '蔡文龍'),
('202201120001', 'hhhhfffcrcrc', '2022-01-12', '已付款', '2022-01-16', '確認訂單', '098588111', '許郁雯'),
('202201120002', 'hhhhfffcrcrc', '2022-01-12', '已付款', '2022-01-16', '確認訂單', '0984827222', '張雅芳'),
('202201120003', 'dede', '2022-01-12', '已付款', '2022-01-16', '確認訂單', '0955849682', '黃小白'),
('202201120004', 'dede', '2022-01-12', '已付款', '2022-01-16', '確認訂單', '0985889551', '李白'),
('202201130001', 'hhhhfffcrcrc', '2022-01-13', '已付款', '2022-01-17', '確認訂單', '0911859648', '王浩浩'),
('202201130002', 'hhhhfffcrcrc', '2022-01-13', '已付款', '2022-01-17', '確認訂單', '0912846950', '林國毅'),
('202201140001', 'hhhhfffcrcrc', '2022-01-14', '已付款', '2022-01-18', '確認訂單', '0984885231', '杜甫'),
('202201140002', 'hhhhfffcrcrc', '2022-01-14', '已付款', '2022-01-18', '確認訂單', '0988952110', '施琅'),
('202201140003', 'dede', '2022-01-14', '已付款', '2022-01-18', '確認訂單', '0985768165', '劉大偉'),
('202201140004', 'hhhhfffcrcrc', '2022-01-14', '已付款', '2022-01-18', '確認訂單', '0985889568', '吳小廢'),
('202201140005', 'dede', '2022-01-14', '已付款', '2022-01-18', '確認訂單', '0984827651', '林玲玲'),
('202201140006', 'hhhhfffcrcrc', '2022-01-14', '已付款', '2022-01-20', '確認訂單', '0988888888', '蕭哈哈'),
('202201150001', 'dede', '2022-01-15', '已付款', '2022-01-20', '確認訂單', '0922586945', '楊瑞芳'),
('202201150002', 'hhhhfffcrcrc', '2022-01-15', '已付款', '2022-01-23', '確認訂單', '0912345678', '賀頭'),
('202201150003', 'hhhhfffcrcrc', '2022-01-15', '已付款', '2022-01-23', '確認訂單', '0912545678', '劉偉'),
('202201150004', 'hhhhfffcrcrc', '2022-01-15', '已付款', '2022-01-23', '確認訂單', '0912645678', '崎頭'),
('202201160001', 'hhhhfffcrcrc', '2022-01-15', '已付款', '2022-01-23', '確認訂單', '0912745678', '雅芳'),
('202201160002', 'hhhhfffcrcrc', '2022-01-15', '已付款', '2022-01-23', '確認訂單', '0912845678', '志信'),
('202201160003', 'hhhhfffcrcrc', '2022-01-15', '已付款', '2022-01-23', '確認訂單', '0912395678', '林國毅'),
('202201170001', 'hhhhfffcrcrc', '2022-01-15', '已付款', '2022-01-23', '確認訂單', '0912345678', '黃小白'),
('202201170002', 'hhhhfffcrcrc', '2022-01-15', '已付款', '2022-01-23', '確認訂單', '0912345478', '施琅'),
('202201180001', 'hhhhfffcrcrc', '2022-01-15', '已付款', '2022-01-23', '確認訂單', '0912345678', '歐志'),
('202201180002', 'hhhhfffcrcrc', '2022-01-15', '已付款', '2022-01-23', '確認訂單', '0912345678', '楊瑞'),
('202201180003', 'hhhhfffcrcrc', '2022-01-15', '已付款', '2022-01-23', '確認訂單', '0912342278', '張芳'),
('202201180004', 'hhhhfffcrcrc', '2022-01-15', '已付款', '2022-01-23', '確認訂單', '0912345678', '國毅'),
('202201190001', 'hhhhfffcrcrc', '2022-01-15', '已付款', '2022-01-23', '確認訂單', '0912342278', '施琅'),
('202201190002', 'hhhhfffcrcrc', '2022-01-15', '已付款', '2022-01-23', '確認訂單', '0912345678', '張雅芳'),
('202201200001', 'hhhhfffcrcrc', '2022-01-20', '已付款', '2022-01-23', '確認訂單', '0912665678', '瑞芳'),
('202201210001', 'hhhhfffcrcrc', '2022-01-21', '已付款', '2022-01-30', '確認訂單', '0912345678', '打我頭'),
('202201210002', 'hhhhfffcrcrc', '2022-01-21', '已付款', '2022-01-30', '確認訂單', '0912349978', '施琅'),
('202201210003', 'hhhhfffcrcrc', '2022-01-21', '已付款', '2022-01-30', '確認訂單', '0912345678', '張雅'),
('202201220001', 'hhhhfffcrcrc', '2022-01-22', '已付款', '2022-01-30', '確認訂單', '0912345678', '劉大'),
('202201220002', 'hhhhfffcrcrc', '2022-01-22', '已付款', '2022-01-30', '確認訂單', '0912345678', '楊瑞芳'),
('202201220003', 'hhhhfffcrcrc', '2022-01-22', '已付款', '2022-01-30', '確認訂單', '0912345678', '黃小'),
('202201230001', 'hhhhfffcrcrc', '2022-01-23', '已付款', '2022-01-30', '確認訂單', '0912345678', '林毅'),
('202201230002', 'hhhhfffcrcrc', '2022-01-23', '已付款', '2022-01-30', '確認訂單', '0912345678', '蔡文'),
('202201240001', 'hhhhfffcrcrc', '2022-01-24', '已付款', '2022-01-30', '確認訂單', '0912345678', '哈哈'),
('202201250001', 'hhhhfffcrcrc', '2022-01-25', '已付款', '2022-01-30', '確認訂單', '0912345678', '賀你頭'),
('202201250002', 'hhhhfffcrcrc', '2022-01-25', '已付款', '2022-01-30', '確認訂單', '0912345678', '大偉'),
('202201250003', 'hhhhfffcrcrc', '2022-01-25', '已付款', '2022-01-30', '確認訂單', '0912345678', '蕭'),
('202201250004', 'hhhhfffcrcrc', '2022-01-25', '已付款', '2022-01-30', '確認訂單', '0912345678', '黃崎頭'),
('202201260001', 'hhhhfffcrcrc', '2022-01-26', '已付款', '2022-01-30', '確認訂單', '0912345678', '小白'),
('202201260002', 'hhhhfffcrcrc', '2022-01-26', '已付款', '2022-01-30', '確認訂單', '0912345678', '黃白'),
('202201260003', 'hhhhfffcrcrc', '2022-01-26', '已付款', '2022-01-03', '確認訂單', '0912345678', '文龍'),
('202201270001', 'hhhhfffcrcrc', '2022-01-27', '已付款', '2022-01-03', '確認訂單', '0912345678', '施琅'),
('202201270002', 'hhhhfffcrcrc', '2022-01-27', '已付款', '2022-01-03', '確認訂單', '0912345678', '歐信'),
('202201280001', 'hhhhfffcrcrc', '2022-01-28', '已付款', '2022-01-03', '確認訂單', '0912345678', '蔡龍'),
('202201280002', 'hhhhfffcrcrc', '2022-01-28', '已付款', '2022-01-03', '確認訂單', '0912345678', '楊芳'),
('202201280003', 'hhhhfffcrcrc', '2022-01-28', '已付款', '2022-01-03', '確認訂單', '0912345678', '張雅芳'),
('202201280004', 'hhhhfffcrcrc', '2022-01-28', '已付款', '2022-01-03', '確認訂單', '0912345678', '賀崎規'),
('202201290001', 'hhhhfffcrcrc', '2022-01-29', '已付款', '2022-01-03', '確認訂單', '0912345678', '大偉'),
('202201290002', 'hhhhfffcrcrc', '2022-01-29', '已付款', '2022-01-03', '確認訂單', '0912345678', '蕭哈'),
('202201300001', 'hhhhfffcrcrc', '2022-01-30', '已付款', '2022-01-03', '確認訂單', '0912345678', '賀崎林'),
('202201310001', 'hhhhfffcrcrc', '2022-01-31', '已付款', '2022-01-03', '確認訂單', '0912345678', '張雅芳'),
('202202280001', 'hhhhfffcrcrc', '2022-02-28', '已付款', '2022-03-03', '確認訂單', '0984827622', '洪國男'),
('202203010001', 'dede', '2022-03-01', '已付款', '2022-03-05', '確認訂單', '0985889551', '李白'),
('202203010002', 'hhhhfffcrcrc', '2022-03-01', '已付款', '2022-03-05', '確認訂單', '0911859648', '王浩浩'),
('202203010003', 'hhhhfffcrcrc', '2022-03-01', '未付款', '2022-03-04', '取消訂單', '0985768133', '顏玲泰'),
('202203010004', 'handsome', '2022-03-01', '未付款', '2022-03-01', '取消訂單', '0984827677', '柳佩君'),
('202203010005', 'handsome', '2022-03-01', '已付款', '2022-03-04', '確認訂單', '0988888447', '王偉杰'),
('202203010006', 'dede', '2022-03-01', '已付款', '2022-03-04', '確認訂單', '0912345516', '江汪霖'),
('202203020001', 'hhhhfffcrcrc', '2022-03-02', '已付款', '2022-03-05', '確認訂單', '0912846950', '林國毅'),
('202203030001', 'hhhhfffcrcrc', '2022-03-03', '已付款', '2022-03-05', '確認訂單', '0984885231', '杜甫'),
('202203030002', 'hhhhfffcrcrc', '2022-03-03', '已付款', '2022-03-05', '確認訂單', '0988952110', '施琅'),
('202203030003', 'dede', '2022-03-03', '已付款', '2022-03-05', '確認訂單', '0985768165', '劉大偉'),
('202203030004', 'hhhhfffcrcrc', '2022-03-03', '未付款', '2022-03-05', '取消訂單', '0985889568', '吳小廢'),
('202203040001', 'dede', '2022-03-04', '已付款', '2022-03-05', '確認訂單', '0984827651', '林玲玲'),
('202203040002', 'hhhhfffcrcrc', '2022-03-04', '未付款', '2022-03-06', '取消訂單', '0988888888', '蕭哈哈'),
('202203040003', 'dede', '2022-03-04', '已付款', '2022-03-07', '確認訂單', '0922586945', '楊瑞芳'),
('202203040004', 'hhhhfffcrcrc', '2022-03-04', '已付款', '2022-03-07', '確認訂單', '0912345678', '賀崎頭'),
('202203040005', 'hhhhfffcrcrc', '2022-03-04', '已付款', '2022-02-20', '確認訂單', '0944652789', '陳惠貞'),
('202203050001', 'dede', '2022-03-05', '已付款', '2022-03-10', '確認訂單', '0922485458', '陳俊榮'),
('202203050002', 'dede', '2022-03-05', '已付款', '2022-03-10', '確認訂單', '0911111111', '歐志信'),
('202203050003', 'dede', '2022-03-05', '已付款', '2022-03-10', '確認訂單', '0922584888', '蔡文龍'),
('202203050004', 'hhhhfffcrcrc', '2022-03-05', '已付款', '2022-03-10', '確認訂單', '098588111', '許郁雯'),
('202203050005', 'hhhhfffcrcrc', '2022-03-05', '已付款', '2022-03-10', '確認訂單', '0984827222', '張雅芳'),
('202203050006', 'dede', '2022-03-05', '已付款', '2022-03-10', '確認訂單', '0955849682', '黃小白'),
('202203050007', 'dede', '2022-03-05', '已付款', '2022-03-10', '確認訂單', '0985889551', '李白'),
('202203060001', 'hhhhfffcrcrc', '2022-03-06', '已付款', '2022-03-11', '確認訂單', '0911859648', '王浩浩'),
('202203060002', 'hhhhfffcrcrc', '2022-03-06', '已付款', '2022-03-11', '確認訂單', '0912846950', '林國毅'),
('202203070001', 'hhhhfffcrcrc', '2022-03-07', '未付款', '2022-03-12', '確認訂單', '0984885231', '杜詩畫'),
('202203070002', 'hhhhfffcrcrc', '2022-03-07', '未付款', '2022-03-12', '確認訂單', '0988952110', '吳梅欣'),
('202203070003', 'dede', '2022-03-07', '未付款', '2022-03-12', '確認訂單', '0985768165', '劉大偉'),
('202203070004', 'hhhhfffcrcrc', '2022-03-07', '未付款', '2022-03-12', '確認訂單', '0985889568', '吳曉媚'),
('202203080001', 'dede', '2022-03-08', '未付款', '2022-03-13', '確認訂單', '0984827651', '林天生'),
('202203080002', 'hhhhfffcrcrc', '2022-03-08', '未付款', '2022-03-13', '確認訂單', '0988888888', '蕭哈哈'),
('202203090001', 'dede', '2022-03-09', '未付款', '2022-03-14', '確認訂單', '0922586945', '楊瑞芳'),
('202203090002', 'hhhhfffcrcrc', '2022-03-09', '未付款', '2022-03-14', '確認訂單', '0912345678', '賀崎頭'),
('202203090003', 'hhhhfffcrcrc', '2022-03-09', '未付款', '2022-03-14', '確認訂單', '0944652789', '陳惠貞'),
('202203100001', 'dede', '2022-03-10', '未付款', '2022-03-15', '確認訂單', '0922485458', '陳俊榮'),
('202203100002', 'dede', '2022-03-10', '未付款', '2022-03-15', '確認訂單', '0911111111', '歐志信'),
('202203110001', 'dede', '2022-03-11', '未付款', '2022-03-15', '確認訂單', '0922584888', '蔡文龍'),
('202203120001', 'hhhhfffcrcrc', '2022-03-12', '未付款', '2022-03-16', '確認訂單', '098588111', '許郁雯'),
('202203120002', 'hhhhfffcrcrc', '2022-03-12', '未付款', '2022-03-16', '確認訂單', '0984827222', '張雅芳'),
('202203120003', 'dede', '2022-03-12', '未付款', '2022-03-16', '確認訂單', '0955849682', '黃小白'),
('202203120004', 'dede', '2022-03-12', '未付款', '2022-03-16', '確認訂單', '0985889551', '李白'),
('202203130001', 'hhhhfffcrcrc', '2022-03-13', '未付款', '2022-03-17', '確認訂單', '0911859648', '王浩浩'),
('202203130002', 'hhhhfffcrcrc', '2022-03-13', '未付款', '2022-03-17', '確認訂單', '0912846950', '林國毅'),
('202203140001', 'hhhhfffcrcrc', '2022-03-14', '未付款', '2022-03-18', '確認訂單', '0984885231', '杜甫'),
('202203140002', 'hhhhfffcrcrc', '2022-03-14', '未付款', '2022-03-18', '確認訂單', '0988952110', '施琅'),
('202203140003', 'dede', '2022-03-14', '未付款', '2022-03-18', '確認訂單', '0985768165', '劉大偉'),
('202203140004', 'hhhhfffcrcrc', '2022-03-14', '未付款', '2022-03-18', '確認訂單', '0985889568', '吳小廢'),
('202203140005', 'dede', '2022-03-14', '未付款', '2022-03-18', '確認訂單', '0984827651', '林玲玲'),
('202203140006', 'hhhhfffcrcrc', '2022-03-14', '未付款', '2022-03-20', '確認訂單', '0988888888', '蕭山良'),
('202203150001', 'dede', '2022-03-15', '未付款', '2022-03-20', '確認訂單', '0922586945', '楊瑞芳'),
('202203150002', 'hhhhfffcrcrc', '2022-03-15', '未付款', '2022-03-23', '確認訂單', '0912345678', '賀年旺'),
('202203150003', 'hhhhfffcrcrc', '2022-03-15', '未付款', '2022-03-23', '確認訂單', '0912545678', '劉偉'),
('202203150004', 'hhhhfffcrcrc', '2022-03-15', '未付款', '2022-03-23', '確認訂單', '0912645678', '廖天駿'),
('202203160001', 'hhhhfffcrcrc', '2022-03-15', '未付款', '2022-03-23', '確認訂單', '0912745678', '王雅芳'),
('202203160002', 'hhhhfffcrcrc', '2022-03-15', '已付款', '2022-03-23', '確認訂單', '0912845678', '李志信'),
('202203160003', 'hhhhfffcrcrc', '2022-03-15', '未付款', '2022-03-23', '未確認', '0912395678', '林國毅'),
('202203170001', 'hhhhfffcrcrc', '2022-03-15', '未付款', '2022-03-23', '未確認', '0912345678', '黃小白'),
('202203170002', 'hhhhfffcrcrc', '2022-03-15', '未付款', '2022-03-23', '未確認', '0912345478', '施威宏'),
('202203180001', 'hhhhfffcrcrc', '2022-03-15', '未付款', '2022-03-23', '未確認', '0912345678', '歐志凱'),
('202203180002', 'hhhhfffcrcrc', '2022-03-15', '未付款', '2022-03-23', '未確認', '0912345678', '楊瑞鑫'),
('202203180003', 'hhhhfffcrcrc', '2022-03-15', '未付款', '2022-03-23', '未確認', '0912342278', '蔡建華'),
('202203180004', 'hhhhfffcrcrc', '2022-03-15', '未付款', '2022-03-23', '未確認', '0912345678', '陳國毅'),
('202203190001', 'hhhhfffcrcrc', '2022-03-15', '未付款', '2022-03-23', '未確認', '0912342278', '施琅'),
('202203190002', 'hhhhfffcrcrc', '2022-03-15', '未付款', '2022-03-23', '未確認', '0912345678', '張雅芳'),
('202203200001', 'hhhhfffcrcrc', '2022-03-20', '未付款', '2022-03-23', '未確認', '0912665678', '瑞芳'),
('202203210001', 'hhhhfffcrcrc', '2022-03-21', '未付款', '2022-03-30', '未確認', '0912345678', '打我頭'),
('202203210002', 'hhhhfffcrcrc', '2022-03-21', '未付款', '2022-03-30', '未確認', '0912349978', '施琅'),
('202203210003', 'hhhhfffcrcrc', '2022-03-21', '未付款', '2022-03-30', '未確認', '0912345678', '張雅'),
('202203220001', 'hhhhfffcrcrc', '2022-03-22', '未付款', '2022-03-30', '未確認', '0912345678', '劉大'),
('202203220002', 'hhhhfffcrcrc', '2022-03-22', '未付款', '2022-03-30', '未確認', '0912345678', '楊瑞芳'),
('202203220003', 'hhhhfffcrcrc', '2022-03-22', '未付款', '2022-03-30', '未確認', '0912345678', '黃小'),
('202203230002', 'hhhhfffcrcrc', '2022-03-23', '未付款', '2022-03-30', '未確認', '0912345678', '蔡文'),
('202203240001', 'hhhhfffcrcrc', '2022-03-24', '未付款', '2022-03-30', '未確認', '0912345678', '哈哈'),
('202203250001', 'hhhhfffcrcrc', '2022-03-25', '未付款', '2022-03-30', '未確認', '0912345678', '賀你頭'),
('202203250002', 'hhhhfffcrcrc', '2022-03-25', '未付款', '2022-03-30', '未確認', '0912345678', '大偉'),
('202203250003', 'hhhhfffcrcrc', '2022-03-25', '未付款', '2022-03-30', '未確認', '0912345678', '蕭'),
('202203250004', 'hhhhfffcrcrc', '2022-03-25', '未付款', '2022-03-30', '未確認', '0912345678', '黃崎頭'),
('202203260001', 'hhhhfffcrcrc', '2022-03-26', '未付款', '2022-03-30', '未確認', '0912345678', '小白'),
('202203260002', 'hhhhfffcrcrc', '2022-03-26', '未付款', '2022-03-30', '未確認', '0912345678', '黃白'),
('202203260003', 'hhhhfffcrcrc', '2022-03-26', '未付款', '2022-04-03', '未確認', '0912345678', '文龍'),
('202203270001', 'hhhhfffcrcrc', '2022-03-27', '未付款', '2022-04-03', '未確認', '0912345678', '施琅'),
('202203270002', 'hhhhfffcrcrc', '2022-03-27', '未付款', '2022-04-03', '未確認', '0912345678', '歐信'),
('202203280001', 'hhhhfffcrcrc', '2022-03-28', '未付款', '2022-04-03', '未確認', '0912345678', '蔡龍'),
('202203280002', 'hhhhfffcrcrc', '2022-03-28', '未付款', '2022-04-03', '未確認', '0912345678', '楊芳'),
('202203280003', 'hhhhfffcrcrc', '2022-03-28', '未付款', '2022-04-03', '未確認', '0912345678', '張雅芳'),
('202203280004', 'hhhhfffcrcrc', '2022-03-28', '未付款', '2022-04-03', '未確認', '0912345678', '賀崎規'),
('202203290001', 'hhhhfffcrcrc', '2022-03-29', '未付款', '2022-04-03', '未確認', '0912345678', '大偉'),
('202203290002', 'hhhhfffcrcrc', '2022-03-29', '未付款', '2022-04-03', '未確認', '0912345678', '蕭哈'),
('202203300001', 'hhhhfffcrcrc', '2022-03-30', '未付款', '2022-04-03', '未確認', '0912345678', '賀崎林'),
('202203310001', 'hhhhfffcrcrc', '2022-03-31', '未付款', '2022-04-03', '未確認', '0912345678', '張雅芳');

-- --------------------------------------------------------

--
-- Table structure for table `product`
--

CREATE TABLE `product` (
  `productId` int(5) NOT NULL,
  `categoryId` int(3) NOT NULL,
  `sizeId` int(3) NOT NULL,
  `productTitle` varchar(100) NOT NULL,
  `productInfo` varchar(1000) NOT NULL,
  `productPrice` int(4) NOT NULL,
  `ingredient` varchar(500) NOT NULL,
  `productStatus` varchar(10) NOT NULL
) ENGINE=InnoDB DEFAULT CHARSET=utf8;

--
-- Dumping data for table `product`
--

INSERT INTO `product` (`productId`, `categoryId`, `sizeId`, `productTitle`, `productInfo`, `productPrice`, `ingredient`, `productStatus`) VALUES
(10001, 1, 7, '奶油蛋糕', '焦糖口味', 250, '雞蛋、牛奶、動物鮮奶油、低筋麵粉、比利時鈕扣調溫巧克力、奶油、砂糖、吉利丁', '上架中'),
(10002, 1, 7, '巧克力蛋糕', '台灣第一款 如香水般有豐富層次的頂級巧克力蛋糕\n入口前味微苦的巧克力，\n中段帶有濃郁的咖啡香，\n尾韻則為淡淡的榛果及焦糖香味…', 370, '雞蛋、牛奶、動物鮮奶油、低筋麵粉、比利時鈕扣調溫巧克力、奶油、砂糖、吉利丁', '上架中'),
(10003, 1, 7, '草莓蛋糕', '草莓蛋糕\n草莓蛋糕\n草莓蛋糕', 360, '草莓蛋糕\n草莓蛋糕\n草莓蛋糕', '下架中'),
(10004, 1, 8, 'Oreo 蛋糕', 'Oreo 蛋糕', 750, 'Oreo 蛋糕', '上架中'),
(20001, 2, 2, '櫻桃杯子蛋糕', '台灣第一款 如香水般有豐富層次的頂級巧克力蛋糕\n入口前味微苦的巧克力，\n中段帶有濃郁的咖啡香，\n尾韻則為淡淡的榛果及焦糖香味…', 250, '雞蛋、牛奶、動物鮮奶油、低筋麵粉、比利時鈕扣調溫巧克力、奶油、砂糖、吉利丁', '上架中'),
(20002, 2, 2, '怪獸杯子蛋糕', '怪獸杯子蛋糕怪獸杯子蛋糕怪獸杯子蛋糕\r\n怪獸杯子蛋糕', 360, '怪獸杯子蛋糕\r\n怪獸杯子蛋糕', '下架中'),
(30001, 3, 4, '巧克力餅乾', '巧克力餅乾', 350, '巧克力餅乾', '上架中'),
(30002, 3, 5, '聖誕節餅', '聖誕節餅乾', 500, '聖誕節餅乾', '上架中');

-- --------------------------------------------------------

--
-- Table structure for table `productcategory`
--

CREATE TABLE `productcategory` (
  `categoryId` int(3) NOT NULL,
  `categoryName` varchar(35) NOT NULL
) ENGINE=InnoDB DEFAULT CHARSET=utf8;

--
-- Dumping data for table `productcategory`
--

INSERT INTO `productcategory` (`categoryId`, `categoryName`) VALUES
(1, '圓形蛋糕'),
(2, '杯子蛋糕'),
(3, '餅乾');

-- --------------------------------------------------------

--
-- Table structure for table `productimg`
--

CREATE TABLE `productimg` (
  `productId` int(5) NOT NULL,
  `imgPath` varchar(1000) NOT NULL,
  `productImgId` int(5) NOT NULL
) ENGINE=InnoDB DEFAULT CHARSET=utf8;

--
-- Dumping data for table `productimg`
--

INSERT INTO `productimg` (`productId`, `imgPath`, `productImgId`) VALUES
(10001, 'https://firebasestorage.googleapis.com/v0/b/sweetbakeryimg.appspot.com/o/butterscotch%201-1.jpg?alt=media&token=170bc7cf-3ea7-4aa3-a709-a0de5d414262', 1),
(10001, 'https://firebasestorage.googleapis.com/v0/b/sweetbakeryimg.appspot.com/o/butterscotch%201-2.jpg?alt=media&token=2c96709c-cf52-447c-898a-95cb6a21bc06', 2),
(10001, 'https://firebasestorage.googleapis.com/v0/b/sweetbakeryimg.appspot.com/o/butterscotch%201-3.jpg?alt=media&token=41599a12-3959-4177-9831-d7036711d0da', 3),
(10002, 'https://firebasestorage.googleapis.com/v0/b/sweetbakeryimg.appspot.com/o/choco-fruit%201-1.jpg?alt=media&token=ca23a2de-60bc-4828-939d-86485f3d99f5', 4),
(10002, 'https://firebasestorage.googleapis.com/v0/b/sweetbakeryimg.appspot.com/o/choco-fruit%201-2.jpg?alt=media&token=38ee4bec-c5ec-4787-8dad-2c4fd934c0cb', 5),
(10002, 'https://firebasestorage.googleapis.com/v0/b/sweetbakeryimg.appspot.com/o/choco-fruit%201-3.jpg?alt=media&token=4706db33-2db6-4f96-8bf9-bda063f70aea', 6),
(20001, 'https://firebasestorage.googleapis.com/v0/b/sweetbakeryimg.appspot.com/o/cupcake%201-1.jpg?alt=media&token=7ede4d42-9003-4797-98e7-a3c454c667ed', 7),
(20001, 'https://firebasestorage.googleapis.com/v0/b/sweetbakeryimg.appspot.com/o/cupcake%201-2.jpg?alt=media&token=9e94c094-7744-41b9-a166-ce4929f2e1c5', 8),
(20001, 'https://firebasestorage.googleapis.com/v0/b/sweetbakeryimg.appspot.com/o/cupcake%201-3.jpeg?alt=media&token=d97c2ad4-deb7-46f1-8aee-d10e7e576de9', 9),
(10003, 'https://firebasestorage.googleapis.com/v0/b/sweetbakeryimg.appspot.com/o/cake%201-1.jpeg?alt=media&token=c8e00250-93aa-11ec-a757-d9421fe7f6b6', 17),
(10003, 'https://firebasestorage.googleapis.com/v0/b/sweetbakeryimg.appspot.com/o/cake%201-2.jpeg?alt=media&token=c8e00250-93aa-11ec-a757-d9421fe7f6b6', 18),
(10003, 'https://firebasestorage.googleapis.com/v0/b/sweetbakeryimg.appspot.com/o/cake%201-3.jpeg?alt=media&token=c8e00250-93aa-11ec-a757-d9421fe7f6b6', 19),
(10004, 'https://firebasestorage.googleapis.com/v0/b/sweetbakeryimg.appspot.com/o/oreo%201-1.jpg?alt=media&token=2e4a8830-9ab4-11ec-bde9-a79778b0276a', 20),
(10004, 'https://firebasestorage.googleapis.com/v0/b/sweetbakeryimg.appspot.com/o/oreo%201-2.jpg?alt=media&token=2e4a8830-9ab4-11ec-bde9-a79778b0276a', 21),
(10004, 'https://firebasestorage.googleapis.com/v0/b/sweetbakeryimg.appspot.com/o/oreo%201-3.jpg?alt=media&token=2e4a8830-9ab4-11ec-bde9-a79778b0276a', 22),
(30001, 'https://firebasestorage.googleapis.com/v0/b/sweetbakeryimg.appspot.com/o/caramel%201-1.jpeg?alt=media&token=2e4a8830-9ab4-11ec-bde9-a79778b0276a', 23),
(30001, 'https://firebasestorage.googleapis.com/v0/b/sweetbakeryimg.appspot.com/o/caramel%201-2.jpeg?alt=media&token=2e4a8830-9ab4-11ec-bde9-a79778b0276a', 24),
(30001, 'https://firebasestorage.googleapis.com/v0/b/sweetbakeryimg.appspot.com/o/caramel%201-3.jpeg?alt=media&token=2e4a8830-9ab4-11ec-bde9-a79778b0276a', 25),
(30002, 'https://firebasestorage.googleapis.com/v0/b/sweetbakeryimg.appspot.com/o/cookie%202-1.jpg?alt=media&token=2e4a8830-9ab4-11ec-bde9-a79778b0276a', 26),
(30002, 'https://firebasestorage.googleapis.com/v0/b/sweetbakeryimg.appspot.com/o/cookie%202-2.jpg?alt=media&token=2e4a8830-9ab4-11ec-bde9-a79778b0276a', 27),
(20002, 'https://firebasestorage.googleapis.com/v0/b/sweetbakeryimg.appspot.com/o/cookie-monster%202.jpeg?alt=media&token=298a9bb0-9d10-11ec-a568-dfd74ff29e4b', 35),
(20002, 'https://firebasestorage.googleapis.com/v0/b/sweetbakeryimg.appspot.com/o/cookie-monster.jpeg?alt=media&token=298a9bb0-9d10-11ec-a568-dfd74ff29e4b', 36);

-- --------------------------------------------------------

--
-- Table structure for table `productsize`
--

CREATE TABLE `productsize` (
  `sizeId` int(3) NOT NULL,
  `sizeName` varchar(30) NOT NULL
) ENGINE=InnoDB DEFAULT CHARSET=utf8;

--
-- Dumping data for table `productsize`
--

INSERT INTO `productsize` (`sizeId`, `sizeName`) VALUES
(1, '一盒4入'),
(2, '一盒6入'),
(3, '一盒8入'),
(4, '一盒12入'),
(5, '一盒20入'),
(6, '一盒30入'),
(7, '6吋'),
(8, '8吋'),
(9, '10吋');

--
-- Indexes for dumped tables
--

--
-- Indexes for table `cartlist`
--
ALTER TABLE `cartlist`
  ADD PRIMARY KEY (`memberId`,`productId`),
  ADD KEY `productId` (`productId`);

--
-- Indexes for table `classimg`
--
ALTER TABLE `classimg`
  ADD PRIMARY KEY (`classImgId`),
  ADD KEY `classId` (`classId`);

--
-- Indexes for table `classlist`
--
ALTER TABLE `classlist`
  ADD PRIMARY KEY (`classId`);

--
-- Indexes for table `classreservation`
--
ALTER TABLE `classreservation`
  ADD PRIMARY KEY (`reservationId`),
  ADD KEY `classTimeId` (`classTimeId`),
  ADD KEY `memberId` (`memberId`);

--
-- Indexes for table `classtime`
--
ALTER TABLE `classtime`
  ADD PRIMARY KEY (`classTimeId`),
  ADD KEY `classId` (`classId`);

--
-- Indexes for table `member`
--
ALTER TABLE `member`
  ADD PRIMARY KEY (`memberId`);

--
-- Indexes for table `orderdetail`
--
ALTER TABLE `orderdetail`
  ADD PRIMARY KEY (`orderId`,`productId`),
  ADD KEY `productId` (`productId`);

--
-- Indexes for table `orderlist`
--
ALTER TABLE `orderlist`
  ADD PRIMARY KEY (`orderId`),
  ADD KEY `memberId` (`memberId`);

--
-- Indexes for table `product`
--
ALTER TABLE `product`
  ADD PRIMARY KEY (`productId`),
  ADD KEY `sizeId` (`sizeId`),
  ADD KEY `categoryId` (`categoryId`);

--
-- Indexes for table `productcategory`
--
ALTER TABLE `productcategory`
  ADD PRIMARY KEY (`categoryId`);

--
-- Indexes for table `productimg`
--
ALTER TABLE `productimg`
  ADD PRIMARY KEY (`productImgId`),
  ADD KEY `productId` (`productId`);

--
-- Indexes for table `productsize`
--
ALTER TABLE `productsize`
  ADD PRIMARY KEY (`sizeId`);

--
-- AUTO_INCREMENT for dumped tables
--

--
-- AUTO_INCREMENT for table `classimg`
--
ALTER TABLE `classimg`
  MODIFY `classImgId` int(5) NOT NULL AUTO_INCREMENT, AUTO_INCREMENT=22;

--
-- AUTO_INCREMENT for table `classlist`
--
ALTER TABLE `classlist`
  MODIFY `classId` int(3) NOT NULL AUTO_INCREMENT, AUTO_INCREMENT=9;

--
-- AUTO_INCREMENT for table `classreservation`
--
ALTER TABLE `classreservation`
  MODIFY `reservationId` int(10) NOT NULL AUTO_INCREMENT, AUTO_INCREMENT=12;

--
-- AUTO_INCREMENT for table `classtime`
--
ALTER TABLE `classtime`
  MODIFY `classTimeId` int(8) NOT NULL AUTO_INCREMENT, AUTO_INCREMENT=19;

--
-- AUTO_INCREMENT for table `productimg`
--
ALTER TABLE `productimg`
  MODIFY `productImgId` int(5) NOT NULL AUTO_INCREMENT, AUTO_INCREMENT=37;

--
-- AUTO_INCREMENT for table `productsize`
--
ALTER TABLE `productsize`
  MODIFY `sizeId` int(3) NOT NULL AUTO_INCREMENT, AUTO_INCREMENT=10;

--
-- Constraints for dumped tables
--

--
-- Constraints for table `cartlist`
--
ALTER TABLE `cartlist`
  ADD CONSTRAINT `cartlist_ibfk_2` FOREIGN KEY (`productId`) REFERENCES `product` (`productId`),
  ADD CONSTRAINT `cartlist_ibfk_3` FOREIGN KEY (`memberId`) REFERENCES `member` (`memberId`);

--
-- Constraints for table `classimg`
--
ALTER TABLE `classimg`
  ADD CONSTRAINT `classimg_ibfk_1` FOREIGN KEY (`classId`) REFERENCES `classlist` (`classId`);

--
-- Constraints for table `classreservation`
--
ALTER TABLE `classreservation`
  ADD CONSTRAINT `classreservation_ibfk_2` FOREIGN KEY (`classTimeId`) REFERENCES `classtime` (`classTimeId`),
  ADD CONSTRAINT `classreservation_ibfk_3` FOREIGN KEY (`memberId`) REFERENCES `member` (`memberId`);

--
-- Constraints for table `classtime`
--
ALTER TABLE `classtime`
  ADD CONSTRAINT `classtime_ibfk_1` FOREIGN KEY (`classId`) REFERENCES `classlist` (`classId`);

--
-- Constraints for table `orderdetail`
--
ALTER TABLE `orderdetail`
  ADD CONSTRAINT `orderdetail_ibfk_2` FOREIGN KEY (`productId`) REFERENCES `product` (`productId`),
  ADD CONSTRAINT `orderdetail_ibfk_3` FOREIGN KEY (`orderId`) REFERENCES `orderlist` (`orderId`);

--
-- Constraints for table `orderlist`
--
ALTER TABLE `orderlist`
  ADD CONSTRAINT `orderlist_ibfk_1` FOREIGN KEY (`memberId`) REFERENCES `member` (`memberId`);

--
-- Constraints for table `product`
--
ALTER TABLE `product`
  ADD CONSTRAINT `product_ibfk_2` FOREIGN KEY (`sizeId`) REFERENCES `productsize` (`sizeId`),
  ADD CONSTRAINT `product_ibfk_3` FOREIGN KEY (`categoryId`) REFERENCES `productcategory` (`categoryId`);

--
-- Constraints for table `productimg`
--
ALTER TABLE `productimg`
  ADD CONSTRAINT `productimg_ibfk_1` FOREIGN KEY (`productId`) REFERENCES `product` (`productId`);
COMMIT;

/*!40101 SET CHARACTER_SET_CLIENT=@OLD_CHARACTER_SET_CLIENT */;
/*!40101 SET CHARACTER_SET_RESULTS=@OLD_CHARACTER_SET_RESULTS */;
/*!40101 SET COLLATION_CONNECTION=@OLD_COLLATION_CONNECTION */;
